pathway,cell_type,median_LODO_NES,min_LODO_NES,max_LODO_NES,full_NES,full_FDR,direction_concordance,pathway_label
HALLMARK_ADIPOGENESIS,CD4_NC,1.35850543698927,1.24071415240994,1.48001874051324,1.33506748199101,0.0810139056066752,1,Adipogenesis
HALLMARK_ADIPOGENESIS,CD8_NC,1.44019783473487,1.33496092275528,1.54392857275562,1.35836801839115,0.0820535600293174,1,Adipogenesis
HALLMARK_ALLOGRAFT_REJECTION,CD4_NC,1.49271587316437,1.36729059753092,1.74448036749528,1.45133409449624,0.0151002842181406,1,Allograft Rejection
HALLMARK_ALLOGRAFT_REJECTION,CD8_NC,1.33765389824103,1.08237568913546,1.46688748387944,1.4191928917609,0.0317135880486114,1,Allograft Rejection
HALLMARK_ANDROGEN_RESPONSE,CD4_NC,0.687435650129328,-0.918388040231633,1.2316894877904,0.804730400880478,0.923955870764381,0.571428571428571,Androgen Response
HALLMARK_ANDROGEN_RESPONSE,CD8_NC,1.13598916663917,0.856485133893636,1.36837553086461,1.27355267110611,0.181241101091599,1,Androgen Response
HALLMARK_ANGIOGENESIS,CD4_NC,1.277879352036,1.08714668903268,1.38924726467788,1.31400079353319,0.202890494719288,1,Angiogenesis
HALLMARK_APICAL_JUNCTION,CD4_NC,-1.17152139168095,-1.4305664194601,-1.12446477049335,-1.18098841910847,0.20948896494748,1,Apical Junction
HALLMARK_APICAL_JUNCTION,CD8_NC,-1.47253367954523,-1.7096951569513,-1.32949898446391,-1.60198809346245,0.0196508553985994,1,Apical Junction
HALLMARK_APICAL_SURFACE,CD4_NC,0.681956243357142,-0.652977283163342,0.933450472248932,0.820529970458757,0.841006752608963,0.714285714285714,Apical Surface
HALLMARK_APICAL_SURFACE,CD8_NC,0.587982612189141,-1.19328753873316,0.888308605408366,-0.740905100190376,0.834118891881493,0.428571428571429,Apical Surface
HALLMARK_APOPTOSIS,CD4_NC,1.56418539951575,1.42076780768066,1.73685967183154,1.51501721884238,0.0142831541051123,1,Apoptosis
HALLMARK_APOPTOSIS,CD8_NC,1.64872657545799,1.50545247300145,1.9832055002161,1.66467484384032,0.00995361013597411,1,Apoptosis
HALLMARK_BILE_ACID_METABOLISM,CD4_NC,0.815046351785456,0.760293323112995,0.933012552624679,0.782230828617278,0.924185463659148,1,Bile Acid Metabolism
HALLMARK_BILE_ACID_METABOLISM,CD8_NC,0.941908204989907,0.642462001831114,1.09435632346433,0.815303891867648,0.80578872347165,1,Bile Acid Metabolism
HALLMARK_CHOLESTEROL_HOMEOSTASIS,CD4_NC,1.35224605651817,1.19406067382669,1.42806007858286,1.37823885618732,0.100900900900901,1,Cholesterol Homeostasis
HALLMARK_CHOLESTEROL_HOMEOSTASIS,CD8_NC,1.3243638719274,1.0705058695687,1.49675342942407,1.28839915697107,0.217619105641526,1,Cholesterol Homeostasis
HALLMARK_COAGULATION,CD4_NC,1.49791497348289,1.12788787719961,1.7435119000541,1.4066396989192,0.0974220623501199,1,Coagulation
HALLMARK_COAGULATION,CD8_NC,1.21435668081677,0.857298135427595,1.53228570619269,1.12821138739682,0.443548387096774,1,Coagulation
HALLMARK_COMPLEMENT,CD4_NC,1.56506315845686,1.44732588121466,1.7659810016426,1.58874838907925,0.00594528488630414,1,Complement
HALLMARK_COMPLEMENT,CD8_NC,1.50701973543835,1.29309314642114,1.75380585649016,1.56880277345619,0.0207375373076818,1,Complement
HALLMARK_DNA_REPAIR,CD4_NC,1.53969005729841,1.47804825546996,1.66729857521828,1.57085502428628,0.00594528488630414,1,Dna Repair
HALLMARK_DNA_REPAIR,CD8_NC,1.42397103159259,1.10561856187042,1.54908581968158,1.49699817388609,0.0243389546329513,1,Dna Repair
HALLMARK_E2F_TARGETS,CD4_NC,-1.19306812415123,-1.23422700225455,-1.13346907362818,-1.20438527202746,0.107573149741824,1,E2f Targets
HALLMARK_E2F_TARGETS,CD8_NC,-0.97753568453465,-1.26423889292872,-0.80092871654543,-0.969221755063461,0.594105733640617,1,E2f Targets
HALLMARK_EPITHELIAL_MESENCHYMAL_TRANSITION,CD4_NC,1.63857740194362,1.48439262573773,1.88052188684535,1.63702423510993,0.0118555723533845,1,Epithelial Mesenchymal Transition
HALLMARK_EPITHELIAL_MESENCHYMAL_TRANSITION,CD8_NC,1.68358931902201,1.194730593536,1.86162294747793,1.6657121380502,0.0243389546329513,1,Epithelial Mesenchymal Transition
HALLMARK_ESTROGEN_RESPONSE_EARLY,CD4_NC,-1.14947190223767,-1.33459858228711,1.0700282253506,-1.22300015452523,0.170177241202158,0.857142857142857,Estrogen Response Early
HALLMARK_ESTROGEN_RESPONSE_EARLY,CD8_NC,-1.26791442676145,-1.50724508151987,-1.16108519447936,-1.51146057989183,0.0427641025437532,1,Estrogen Response Early
HALLMARK_ESTROGEN_RESPONSE_LATE,CD4_NC,1.45631884607116,1.36534255540222,1.58326836808482,1.46780033494861,0.0312201852811586,1,Estrogen Response Late
HALLMARK_ESTROGEN_RESPONSE_LATE,CD8_NC,1.4131895875483,1.13726342782579,1.72692923110723,1.47218517255196,0.0820535600293174,1,Estrogen Response Late
HALLMARK_FATTY_ACID_METABOLISM,CD4_NC,1.27104192674885,1.21280334944239,1.47754174142118,1.32394839034722,0.0974220623501199,1,Fatty Acid Metabolism
HALLMARK_FATTY_ACID_METABOLISM,CD8_NC,1.28835211713876,1.19777808796021,1.49655964342922,1.4039479760076,0.0784927107592362,1,Fatty Acid Metabolism
HALLMARK_G2M_CHECKPOINT,CD4_NC,-1.56036503111215,-1.63779181163693,-1.38494197106881,-1.52858469683743,0.0118555723533845,1,G2m Checkpoint
HALLMARK_G2M_CHECKPOINT,CD8_NC,-1.43895688885463,-1.69250550985502,-1.32145441203659,-1.49556852229484,0.0200344228240769,1,G2m Checkpoint
HALLMARK_GLYCOLYSIS,CD4_NC,1.25593379214335,1.21171162474042,1.40137884526434,1.33277065511575,0.0577230353317201,1,Glycolysis
HALLMARK_GLYCOLYSIS,CD8_NC,1.56356978759883,1.44589658822258,1.64177195658623,1.67041859961581,0.0148554072816451,1,Glycolysis
HALLMARK_HEDGEHOG_SIGNALING,CD4_NC,-1.50174155246295,-1.81581566574954,-1.0146905017992,-1.39381778778874,0.138297872340426,1,Hedgehog Signaling
HALLMARK_HEME_METABOLISM,CD4_NC,-1.02972798323955,-1.19513486219742,-0.95611203874472,-1.06628696583159,0.392700392700393,1,Heme Metabolism
HALLMARK_HEME_METABOLISM,CD8_NC,-1.11154452353667,-1.42596276279742,-0.927533148977806,-1.21969802079339,0.181241101091599,1,Heme Metabolism
HALLMARK_HYPOXIA,CD4_NC,1.64194412227286,1.46392757387923,2.11740087048962,1.67427601819451,0.00203379943791972,1,Hypoxia
HALLMARK_HYPOXIA,CD8_NC,1.81593598566906,1.66851110960628,2.12293843880444,1.91075978306479,0.000589871312316826,1,Hypoxia
HALLMARK_IL2_STAT5_SIGNALING,CD4_NC,1.22596464027436,1.1542954712212,1.47397399921367,1.21648877678408,0.153881226490368,1,Il2 Stat5 Signaling
HALLMARK_IL2_STAT5_SIGNALING,CD8_NC,1.08567031390833,-1.13993653672758,1.24267944762208,1.0815973150567,0.455170259293971,0.857142857142857,Il2 Stat5 Signaling
HALLMARK_IL6_JAK_STAT3_SIGNALING,CD4_NC,1.45246963614766,1.24588852928345,1.55872480654591,1.40126143761041,0.105477698178805,1,Il6 Jak Stat3 Signaling
HALLMARK_IL6_JAK_STAT3_SIGNALING,CD8_NC,1.02103282588789,-0.812332762216377,1.22848741226474,1.0945588336964,0.455170259293971,0.857142857142857,Il6 Jak Stat3 Signaling
HALLMARK_INFLAMMATORY_RESPONSE,CD4_NC,1.86608760830719,1.80223627126783,1.96565876079655,1.85854577344603,0.000178851201288038,1,Inflammatory Response
HALLMARK_INFLAMMATORY_RESPONSE,CD8_NC,1.53932311801849,1.12301562525157,1.9043085909098,1.53025217830487,0.0317135880486114,1,Inflammatory Response
HALLMARK_INTERFERON_ALPHA_RESPONSE,CD4_NC,-1.06317294623388,-1.35229518865894,1.02987692798653,-1.03261446408174,0.475583187204421,0.714285714285714,Interferon Alpha Response
HALLMARK_INTERFERON_ALPHA_RESPONSE,CD8_NC,-0.943572353250251,-1.4236885604358,0.971975784103502,-1.05365484111033,0.477213695395514,0.571428571428571,Interferon Alpha Response
HALLMARK_INTERFERON_GAMMA_RESPONSE,CD4_NC,1.26432208122679,1.04358613798407,1.46152215116913,1.20412637118739,0.169491525423729,1,Interferon Gamma Response
HALLMARK_INTERFERON_GAMMA_RESPONSE,CD8_NC,1.16166147317203,-1.07082543263483,1.30214989303017,1.04977128479736,0.477213695395514,0.714285714285714,Interferon Gamma Response
HALLMARK_KRAS_SIGNALING_DN,CD4_NC,-1.22146313466465,-1.2981381995867,1.11759171259354,-1.20405599240542,0.207881417208966,0.857142857142857,Kras Signaling Dn
HALLMARK_KRAS_SIGNALING_DN,CD8_NC,-1.32748123720234,-1.65499232077724,0.904253517258,-0.976943949208046,0.540401896271138,0.714285714285714,Kras Signaling Dn
HALLMARK_KRAS_SIGNALING_UP,CD4_NC,1.60545620608566,1.43674585874492,1.72938242535094,1.5506839258311,0.0085451487441801,1,Kras Signaling Up
HALLMARK_KRAS_SIGNALING_UP,CD8_NC,1.66414829774412,1.13814468509637,1.96296858888693,1.57391526776206,0.0317135880486114,1,Kras Signaling Up
HALLMARK_MITOTIC_SPINDLE,CD4_NC,-2.11258150365067,-2.25591144799673,-2.06178238815034,-2.21193078030537,2.10902815455113e-09,1,Mitotic Spindle
HALLMARK_MITOTIC_SPINDLE,CD8_NC,-2.03370683449972,-2.13199468049195,-1.89353849658825,-2.02109392273077,3.67351504361185e-06,1,Mitotic Spindle
HALLMARK_MTORC1_SIGNALING,CD4_NC,1.25257239343261,1.09311224138721,1.51038425166481,1.25046244567965,0.107573149741824,1,Mtorc1 Signaling
HALLMARK_MTORC1_SIGNALING,CD8_NC,1.01989908065668,0.876675625888678,1.38271710731361,0.990541812005881,0.540401896271138,1,Mtorc1 Signaling
HALLMARK_MYC_TARGETS_V1,CD4_NC,1.4257835805845,1.24259026740342,1.50892110497419,1.42472430183982,0.0151002842181406,1,Myc Targets V1
HALLMARK_MYC_TARGETS_V1,CD8_NC,1.63338468081491,1.48795368164402,1.77431551555313,1.72329700389157,0.000173490937348181,1,Myc Targets V1
HALLMARK_MYC_TARGETS_V2,CD4_NC,-0.931827809370006,-1.12609876245711,-0.901237732892984,-1.01943604689535,0.508322798145807,1,Myc Targets V2
HALLMARK_MYC_TARGETS_V2,CD8_NC,0.829194349452334,0.731234632581753,1.12920786428184,1.01606010256889,0.52636684303351,1,Myc Targets V2
HALLMARK_MYOGENESIS,CD4_NC,1.0071064023061,0.832265212368427,1.11820159093424,0.958368430074479,0.614587348494582,1,Myogenesis
HALLMARK_MYOGENESIS,CD8_NC,-1.09788405341382,-1.28572609046882,-0.890575215016095,-1.0428068992266,0.506492637215529,1,Myogenesis
HALLMARK_NOTCH_SIGNALING,CD4_NC,-1.12332247294086,-1.26730041408424,-1.09025671187742,-1.08653011537288,0.420235546038544,1,Notch Signaling
HALLMARK_NOTCH_SIGNALING,CD8_NC,-1.14702889021691,-1.32682912171798,-0.928783327243188,-1.04279522480505,0.508891438405278,1,Notch Signaling
HALLMARK_OXIDATIVE_PHOSPHORYLATION,CD4_NC,2.33780144457784,2.2112756970979,2.55068994406581,2.36292866546846,5.57826833805346e-14,1,Oxidative Phosphorylation
HALLMARK_OXIDATIVE_PHOSPHORYLATION,CD8_NC,2.36682544916715,2.19834343796042,2.64669317894089,2.42544831645213,1.51475940103668e-16,1,Oxidative Phosphorylation
HALLMARK_P53_PATHWAY,CD4_NC,1.85772711713696,1.65181372020202,2.12001634978568,1.81499401497637,0.000108872131355012,1,P53 Pathway
HALLMARK_P53_PATHWAY,CD8_NC,1.39683767595917,1.3303489237759,1.74633856625566,1.38727250078155,0.0753938814665821,1,P53 Pathway
HALLMARK_PANCREAS_BETA_CELLS,CD4_NC,1.32003038091052,1.08196829903305,1.65892084643235,1.27242806457647,0.222278998467041,1,Pancreas Beta Cells
HALLMARK_PEROXISOME,CD4_NC,0.71018380314115,0.683492329882095,0.96200706040901,0.739531637881307,0.950549450549451,1,Peroxisome
HALLMARK_PEROXISOME,CD8_NC,1.27526208606342,0.928980206324615,1.3162221818586,1.17983759911389,0.317567567567568,1,Peroxisome
HALLMARK_PI3K_AKT_MTOR_SIGNALING,CD4_NC,-1.23392759406906,-1.38331965369894,-1.13256279160644,-1.25282325092993,0.138297872340426,1,Pi3k Akt Mtor Signaling
HALLMARK_PI3K_AKT_MTOR_SIGNALING,CD8_NC,-1.01360736581998,-1.20940019371275,0.783433164326588,-1.01898337760138,0.508891438405278,0.857142857142857,Pi3k Akt Mtor Signaling
HALLMARK_PROTEIN_SECRETION,CD4_NC,-0.772132523716576,-0.970312036931133,0.686558578205034,-0.774320313726703,0.950549450549451,0.857142857142857,Protein Secretion
HALLMARK_PROTEIN_SECRETION,CD8_NC,-0.949528145940766,-1.1228928957757,-0.817434584707706,-1.00200580307548,0.52636684303351,1,Protein Secretion
HALLMARK_REACTIVE_OXYGEN_SPECIES_PATHWAY,CD4_NC,1.8673152854454,1.67470431184649,1.91025773794523,1.79996067982574,0.00443996924564466,1,Reactive Oxygen Species Pathway
HALLMARK_REACTIVE_OXYGEN_SPECIES_PATHWAY,CD8_NC,1.79988726797693,1.69382380045336,1.98672362582354,1.85284780429331,0.00544689283206985,1,Reactive Oxygen Species Pathway
HALLMARK_SPERMATOGENESIS,CD4_NC,0.705469938445614,-0.734016726866851,0.818532208982413,0.780381725451605,0.923955870764381,0.857142857142857,Spermatogenesis
HALLMARK_SPERMATOGENESIS,CD8_NC,-0.647049947411545,-0.940019704287075,0.721741082517468,-0.776519005802087,0.864367816091954,0.571428571428571,Spermatogenesis
HALLMARK_TGF_BETA_SIGNALING,CD4_NC,-1.21105670579411,-1.39908908487171,1.10563409388301,-1.27051187390338,0.15765134529148,0.857142857142857,Tgf Beta Signaling
HALLMARK_TGF_BETA_SIGNALING,CD8_NC,-1.21918603702109,-1.45455155636709,1.11799430529067,-1.32437103961891,0.177938392703493,0.857142857142857,Tgf Beta Signaling
HALLMARK_TNFA_SIGNALING_VIA_NFKB,CD4_NC,2.56350001798571,2.42227269654118,2.98131309406353,2.73268748024854,1.7469584457876e-21,1,Tnfa Signaling via Nfkb
HALLMARK_TNFA_SIGNALING_VIA_NFKB,CD8_NC,2.35633468472244,1.93767311058503,2.64965202249348,2.39039111480449,4.28146847074522e-10,1,Tnfa Signaling via Nfkb
HALLMARK_UNFOLDED_PROTEIN_RESPONSE,CD4_NC,0.868768628214177,-1.03261962718193,1.30771423917385,0.956744910125171,0.641395809272397,0.571428571428571,Unfolded Protein Response
HALLMARK_UNFOLDED_PROTEIN_RESPONSE,CD8_NC,-0.879566628049976,-0.923622749429711,0.764120030823071,-0.848384491397732,0.826339869281046,0.857142857142857,Unfolded Protein Response
HALLMARK_UV_RESPONSE_DN,CD4_NC,-1.54703433745241,-1.76505767333383,-1.26663223855634,-1.52720691821192,0.0190622253447467,1,Uv Response Dn
HALLMARK_UV_RESPONSE_DN,CD8_NC,-1.52265874635483,-1.66751674750903,-1.18961073367741,-1.51446500442706,0.0317135880486114,1,Uv Response Dn
HALLMARK_UV_RESPONSE_UP,CD4_NC,1.42587967890609,1.27419798325391,1.85995462505938,1.46659382210144,0.0235922648306276,1,Uv Response Up
HALLMARK_UV_RESPONSE_UP,CD8_NC,1.54034490146588,1.23555619280077,1.83204809978822,1.56592135497567,0.0243389546329513,1,Uv Response Up
HALLMARK_WNT_BETA_CATENIN_SIGNALING,CD4_NC,-2.04247347814413,-2.1439171814665,-1.9709744543883,-1.96021000112084,0.00114781332686427,1,Wnt Beta Catenin Signaling
HALLMARK_WNT_BETA_CATENIN_SIGNALING,CD8_NC,-1.77948899821975,-1.80974677269218,-1.7632592488707,-1.75943730079142,0.0148554072816451,1,Wnt Beta Catenin Signaling
HALLMARK_XENOBIOTIC_METABOLISM,CD4_NC,1.30276859319279,1.23769984569769,1.429872995667,1.30643188800326,0.0974220623501199,1,Xenobiotic Metabolism
HALLMARK_XENOBIOTIC_METABOLISM,CD8_NC,1.2194804734378,1.17400523107599,1.47340550907203,1.41023791746914,0.0959248309735912,1,Xenobiotic Metabolism
