gene,cell_type,rsid_mr,chr_mr,pos_mr,pval,FDR_global_recomputed,significant_global,mr_effect,rsid_coloc,chr_coloc,pos_coloc,PP.H4,evidence_class,neglog10_global_FDR,lead_rsid,lead_chr,lead_pos,neglog10_FDR,evidence
ALDH7A1,CD4_NC,rs79449010,5,125919818,0.000221927678363416,0.0416996417191567,TRUE,-0.362278265799889,rs79449010,5,125919818,0.872737453944806,Global-FDR MR + strong coloc,1.37986767644259,rs79449010,5,125919818,1.37986767644259,Strong convergent
BCAS4,B_IN,rs6096141,20,49490888,7.08949578761587e-05,0.0199814712044804,TRUE,0.346260499720876,rs6096141,20,49490888,0.869994838625931,Global-FDR MR + strong coloc,1.69937253850918,rs6096141,20,49490888,1.69937253850918,Strong convergent
BCAS4,B_MEM,rs6096205,20,49580970,5.55254936025162e-06,0.00369900742835672,TRUE,0.406126742169646,rs6096205,20,49580970,0.940903871473216,Global-FDR MR + strong coloc,2.43191479653238,rs6096205,20,49580970,2.43191479653238,Strong convergent
BCAS4,CD4_ET,rs6702,20,49493609,0.000209215956531975,0.0403456455122714,TRUE,0.321720886238275,rs6702,20,49493609,0.893278275347643,Global-FDR MR + strong coloc,1.39420333162451,rs6702,20,49493609,1.39420333162451,Strong convergent
BCAS4,CD8_ET,rs6122981,20,49495326,0.000194457964698117,0.0385131882515622,TRUE,0.272512163184109,rs6122981,20,49495326,0.883769801592441,Global-FDR MR + strong coloc,1.41439052752772,rs6122981,20,49495326,1.41439052752772,Strong convergent
CFD,CD8_ET,rs10424998,19,874647,0.0001368476762398,0.0323490248866211,TRUE,0.134253080914436,rs10424998,19,874647,0.844919348050595,Global-FDR MR + strong coloc,1.49013880596104,rs10424998,19,874647,1.49013880596104,Strong convergent
CFD,CD8_S100B,rs2930901,19,886945,1.62019395670456e-05,0.0069839890086653,TRUE,0.306663266015126,rs2930901,19,886945,0.915136612212085,Global-FDR MR + strong coloc,2.15589645279043,rs2930901,19,886945,2.15589645279043,Strong convergent
CFD,NK,rs10424998,19,874647,0.0001368476762398,0.0323490248866211,TRUE,0.168916104327423,rs10424998,19,874647,0.931138312716024,Global-FDR MR + strong coloc,1.49013880596104,rs10424998,19,874647,1.49013880596104,Strong convergent
CTSH,B_IN,rs3825932,15,79235446,0.000105043006428514,0.0285094500410426,TRUE,0.303906815675588,rs3825932,15,79235446,0.903083597657995,Global-FDR MR + strong coloc,1.54501116032801,rs3825932,15,79235446,1.54501116032801,Strong convergent
CTSH,PLASMA,rs4779112,15,79220586,0.000135276169682648,0.0323490248866211,TRUE,0.258906687931756,rs4779112,15,79220586,0.900259168316267,Global-FDR MR + strong coloc,1.49013880596104,rs4779112,15,79220586,1.49013880596104,Strong convergent
GSDMA,CD4_NC,rs3893044,17,38103016,7.66873317412072e-06,0.00374643177999711,TRUE,-0.248804983727483,rs3893044,17,38103016,0.00458048645143454,Global-FDR MR only,2.42638217120429,rs3893044,17,38103016,2.42638217120429,MR only
HIST1H2BG,CD4_ET,rs13191296,6,25684606,2.97351537301861e-11,7.26330688449346e-08,TRUE,-0.599863421433146,rs13191296,6,25684606,0.996289356416334,Global-FDR MR + strong coloc,7.13886560592446,rs13191296,6,25684606,7.13886560592446,Strong convergent
HIST1H3D,MONO_NC,rs116418977,6,25365888,2.73359211851058e-08,2.86168043492079e-05,TRUE,-0.460736985976204,rs116418977,6,25365888,0.556139390480429,Global-FDR MR + moderate coloc,4.54337886571927,rs116418977,6,25365888,4.54337886571927,Moderate convergent
IL12RB2,NK,rs17129778,1,67787691,5.95311381956877e-05,0.0189671382912174,TRUE,0.266147956182195,rs17129778,1,67787691,0.947659988370227,Global-FDR MR + strong coloc,1.72199818930561,rs17129778,1,67787691,1.72199818930561,Strong convergent
KB-1980E6.3,CD8_ET,rs17186084,8,103541166,1.8583049144398e-05,0.00724383407294525,TRUE,-0.309768025261068,rs17186084,8,103541166,0.991222984357403,Global-FDR MR + strong coloc,2.14003150618095,rs17186084,8,103541166,2.14003150618095,Strong convergent
KISS1R,CD4_ET,rs2930891,19,883224,0.000154732514224278,0.0342703156767942,TRUE,0.317374767160231,rs2930891,19,883224,0.893930786475944,Global-FDR MR + strong coloc,1.46508189510155,rs2930891,19,883224,1.46508189510155,Strong convergent
KISS1R,CD8_NC,rs2930894,19,881161,6.56986670432355e-05,0.0192575932837132,TRUE,0.268230561470337,rs2930894,19,881161,0.919220448053888,Global-FDR MR + strong coloc,1.71539798974074,rs2930894,19,881161,1.71539798974074,Strong convergent
MED16,B_MEM,rs11546307,19,875389,0.00016368191166591,0.0342703156767942,TRUE,0.251336620645547,rs11546307,19,875389,0.940711288348411,Global-FDR MR + strong coloc,1.46508189510155,rs11546307,19,875389,1.46508189510155,Strong convergent
MED16,CD4_NC,rs6678,19,890165,7.1228412478898e-06,0.00374643177999711,TRUE,0.117771846338497,rs6678,19,890165,0.990446963607817,Global-FDR MR + strong coloc,2.42638217120429,rs6678,19,890165,2.42638217120429,Strong convergent
MED16,CD8_ET,rs11546307,19,875389,0.000163681911665911,0.0342703156767942,TRUE,0.124716679254487,rs11546307,19,875389,0.885300493341735,Global-FDR MR + strong coloc,1.46508189510155,rs11546307,19,875389,1.46508189510155,Strong convergent
MED16,CD8_NC,rs10424998,19,874647,0.000136847676239799,0.0323490248866211,TRUE,0.144222196625656,rs10424998,19,874647,0.856797091222987,Global-FDR MR + strong coloc,1.49013880596104,rs10424998,19,874647,1.49013880596104,Strong convergent
MED16,CD8_S100B,rs2930893,19,882724,4.7213691935677e-06,0.00345981934504641,TRUE,0.348390535387575,rs2930893,19,882724,0.964578709896395,Global-FDR MR + strong coloc,2.46094657736265,rs2930893,19,882724,2.46094657736265,Strong convergent
MED16,NK,rs2930893,19,882724,4.72136919356768e-06,0.00345981934504641,TRUE,0.137885998958322,rs2930893,19,882724,0.991509378524554,Global-FDR MR + strong coloc,2.46094657736265,rs2930893,19,882724,2.46094657736265,Strong convergent
ORMDL3,B_IN,rs8067378,17,38051348,1.50451021829445e-05,0.00689065679978858,TRUE,-0.173525426467025,rs8067378,17,38051348,0.00278925519664058,Global-FDR MR only,2.16173938027974,rs8067378,17,38051348,2.16173938027974,MR only
ORMDL3,B_MEM,rs7359623,17,38049589,2.21753573626003e-09,3.2500203750627e-06,TRUE,-0.228755427564776,rs7359623,17,38049589,0.885743560960139,Global-FDR MR + strong coloc,5.48811391632895,rs7359623,17,38049589,5.48811391632895,Strong convergent
ORMDL3,CD4_ET,rs35736272,17,38032680,9.57649526076322e-09,1.16960928784788e-05,TRUE,-0.302898291176876,rs35736272,17,38032680,0.730335084169829,Global-FDR MR + moderate coloc,4.93195919164727,rs35736272,17,38032680,4.93195919164727,Moderate convergent
ORMDL3,CD8_S100B,rs12944882,17,37983492,4.23458287167825e-05,0.0155155116418291,TRUE,-0.270862828967589,rs12944882,17,37983492,0.710191571872274,Global-FDR MR + moderate coloc,1.80923389848398,rs12944882,17,37983492,1.80923389848398,Moderate convergent
PNMT,CD8_ET,rs12453217,17,37741982,6.61996817403962e-06,0.00374643177999711,TRUE,0.200625323024318,rs12453217,17,37741982,0.042395305127967,Global-FDR MR only,2.42638217120429,rs12453217,17,37741982,2.42638217120429,MR only
R3HDM4,CD4_NC,rs1683565,19,880602,6.44898707296587e-05,0.0192575932837132,TRUE,0.222692873332154,rs1683565,19,880602,0.921258874392773,Global-FDR MR + strong coloc,1.71539798974074,rs1683565,19,880602,1.71539798974074,Strong convergent
R3HDM4,CD8_ET,rs11546307,19,875389,0.00016368191166591,0.0342703156767942,TRUE,0.159092972926884,rs11546307,19,875389,0.971993016660621,Global-FDR MR + strong coloc,1.46508189510155,rs11546307,19,875389,1.46508189510155,Strong convergent
RNASET2,CD4_SOX4,rs239936,6,167411616,7.23728407835616e-06,0.00374643177999711,TRUE,-0.28191632446643,rs239936,6,167411616,0.439782381147455,Global-FDR MR only,2.42638217120429,rs239936,6,167411616,2.42638217120429,MR only
RNASET2,CD8_S100B,rs12212247,6,167413539,6.80354795171987e-07,0.00062320499237754,TRUE,-0.222196228970372,rs12212247,6,167413539,0.878455871746573,Global-FDR MR + strong coloc,3.20536907627045,rs12212247,6,167413539,3.20536907627045,Strong convergent
RP1-30M3.5,NK,rs34991172,6,25480328,7.46887690403813e-10,1.36829824881979e-06,TRUE,-0.420339196897514,rs34991172,6,25480328,0.954996086095201,Global-FDR MR + strong coloc,5.86381922885932,rs34991172,6,25480328,5.86381922885931,Strong convergent
SESN3,CD4_NC,rs4409785,11,95311422,2.55348491576574e-11,7.26330688449346e-08,TRUE,-0.327327918613502,rs4409785,11,95311422,0.999919443899077,Global-FDR MR + strong coloc,7.13886560592446,rs4409785,11,95311422,7.13886560592446,Strong convergent
SESN3,CD8_NC,rs4409785,11,95311422,2.55348491576574e-11,7.26330688449346e-08,TRUE,-0.437804737394404,rs4409785,11,95311422,0.99982347256234,Global-FDR MR + strong coloc,7.13886560592446,rs4409785,11,95311422,7.13886560592446,Strong convergent
SPATA21,CD4_NC,rs673126,1,16732518,0.000191825528357261,0.0385131882515622,TRUE,-0.280368916750242,rs673126,1,16732518,0.882314080577794,Global-FDR MR + strong coloc,1.41439052752772,rs673126,1,16732518,1.41439052752772,Strong convergent
SYNCRIP,CD4_SOX4,rs12211894,6,85333759,4.4792172400982e-05,0.0156303352073522,TRUE,-0.302441711787146,rs12211894,6,85333759,0.401616911337966,Global-FDR MR only,1.80603170802417,rs12211894,6,85333759,1.80603170802417,MR only
TNFRSF14,CD8_ET,rs3748825,1,2483270,1.87817750253766e-05,0.00724383407294525,TRUE,-0.353940040050685,rs3748825,1,2483270,0.944689127263339,Global-FDR MR + strong coloc,2.14003150618095,rs3748825,1,2483270,2.14003150618095,Strong convergent
TNFRSF14,NK,rs2227312,1,2487663,5.43368884886359e-05,0.0180991235838511,TRUE,-0.325556723535213,rs2227312,1,2487663,0.921796411093649,Global-FDR MR + strong coloc,1.74234245451825,rs2227312,1,2487663,1.74234245451825,Strong convergent
