gene,cell_type,nsnps,PP.H0,PP.H1,PP.H2,PP.H3,PP.H4,tier,rsid,chr,pos,beta_eqtl,se_eqtl,beta_gwas_aligned,se_gwas,b,se,pval,fdr,or,or_lci,or_uci,PP4_given_H3_or_H4,coloc_class,row_label,plot_label
SESN3,CD4_NC,3210,7.48156216349071e-21,2.57044085509945e-08,3.14477286243302e-16,8.05303965169081e-05,0.999919443899077,Tier 1 (Strong),rs4409785,11,95311422,-0.54409039006605,0.0574904396927931,0.178095974917929,0.0267,-0.327327918613502,0.0490727285162282,2.55348491576574e-11,7.26330688449346e-08,0.720847325010427,0.65474432274564,0.793624087942729,0.999919469601413,Strong PP.H4 and conditional sharing,SESN3 (CD4 NC),SESN3 (CD4 NC)
SESN3,CD8_NC,3210,3.67170994256524e-13,2.79849070358776e-08,1.5433533176335e-08,0.000176484018854347,0.99982347256234,Tier 1 (Strong),rs4409785,11,95311422,-0.406793165322668,0.0580809521701797,0.178095974917929,0.0267,-0.437804737394404,0.0656353210330405,2.55348491576574e-11,7.26330688449346e-08,0.645451803154239,0.567536640689513,0.73406367153478,0.999823515973483,Strong PP.H4 and conditional sharing,SESN3 (CD8 NC),SESN3 (CD8 NC)
HIST1H2BG,CD4_ET,1420,6.69471414269736e-10,3.53334088894587e-08,8.75244681199379e-05,0.00362308311266439,0.996289356416334,Tier 1 (Strong),rs13191296,6,25684606,-0.472106700930597,0.0794904880354899,0.283199540901743,0.0426,-0.599863421433146,0.0902338389097817,2.97351537301861e-11,7.26330688449346e-08,0.548886597119675,0.459911248712063,0.655075294073177,0.996376599620692,Strong PP.H4 and conditional sharing,HIST1H2BG (CD4 ET),HIST1H2BG (CD4 ET)
RP1-30M3.5,NK,4871,3.96430159675185e-13,6.32911159971587e-07,2.87864029921326e-08,0.0450032522068405,0.954996086095201,Tier 1 (Strong),rs34991172,6,25480328,-0.648768769066323,0.0818171342202722,0.272702943361527,0.0443,-0.420339196897514,0.0682831882671456,7.46887690403813e-10,1.36829824881979e-06,0.656823989366089,0.574546499494335,0.750883963937611,0.95499671801458,Strong PP.H4 and conditional sharing,RP1-30M3.5 (NK),RP1-30M3.5 (NK)
ORMDL3,B_MEM,2411,4.93818952582013e-34,2.52498962141831e-06,2.25181698332185e-29,0.114253914050236,0.885743560960139,Tier 1 (Strong),rs7359623,17,38049589,-0.549063616055694,0.0434030851868377,0.125601282251082,0.021,-0.228755427564776,0.0382469342092955,2.21753573626003e-09,3.2500203750627e-06,0.795523072729833,0.738067925521543,0.85745083529855,0.885745797459088,Strong PP.H4 and conditional sharing,ORMDL3 (B MEM),ORMDL3 (B MEM)
RNASET2,CD8_S100B,4775,2.0279158339944e-22,0.000421521816648395,5.86939693861597e-20,0.121122606436776,0.878455871746573,Tier 1 (Strong),rs12212247,6,167413539,-0.471661287163657,0.0440960264431259,0.104801359359076,0.0211,-0.222196228970372,0.0447354925541699,6.80354795171987e-07,0.00062320499237754,0.800758216956299,0.733536593043796,0.874140060773693,0.878826316211903,Strong PP.H4 and conditional sharing,RNASET2 (CD8 S100B),RNASET2 (CD8 S100B)
MED16,NK,3209,1.35377148634997e-55,0.00356363413060366,2.248348683536e-55,0.00492698734484001,0.991509378524554,Tier 1 (Strong),rs2930893,19,882724,0.823177854563243,0.0484522790232292,0.113504700796821,0.0248,0.137885998958322,0.030127146718686,4.72136919356768e-06,0.00345981934504641,1.14784468732502,1.08202771141943,1.21766514139633,0.995055391880904,Strong PP.H4 and conditional sharing,MED16 (NK),MED16 (NK)
MED16,CD8_S100B,3209,7.7600389274512e-07,0.0136739903510977,1.28879013058285e-06,0.0217452349584842,0.964578709896395,Tier 1 (Strong),rs2930893,19,882724,0.325797314414841,0.0515623598909304,0.113504700796821,0.0248,0.348390535387575,0.0761209466828873,4.7213691935677e-06,0.00345981934504641,1.41678544656501,1.22041806941124,1.64474867417095,0.977953252507031,Strong PP.H4 and conditional sharing,MED16 (CD8 S100B),MED16 (CD8 S100B)
BCAS4,B_MEM,3961,2.96238892670883e-07,0.0137491918982852,9.97285914904679e-07,0.0453456431036906,0.940903871473216,Tier 1 (Strong),rs6096205,20,49580970,-0.300891127729601,0.046452639945179,-0.122199933452574,0.0269,0.406126742169646,0.0894011073140514,5.55254936025162e-06,0.00369900742835672,1.50099277948437,1.25973398018302,1.78845641977275,0.954022138988688,Strong PP.H4 and conditional sharing,BCAS4 (B MEM),BCAS4 (B MEM)
MED16,CD4_NC,3209,1.25282055827717e-75,0.00396251831163763,2.08068900941613e-75,0.00559051808055794,0.990446963607817,Tier 1 (Strong),rs6678,19,890165,0.934048497765,0.0472993528530363,0.110004616151484,0.0245,0.117771846338497,0.0262299014008628,7.1228412478898e-06,0.00374643177999711,1.1249874120878,1.06861267265733,1.18433620500573,0.994387241260157,Strong PP.H4 and conditional sharing,MED16 (CD4 NC),MED16 (CD4 NC)
CFD,CD8_S100B,3167,1.85514098071285e-07,0.0322470071628328,3.0795910895797e-07,0.0526158871518757,0.915136612212085,Tier 1 (Strong),rs2930901,19,886945,0.343063496214746,0.0514709808825063,0.105204972199782,0.0244,0.306663266015126,0.0711238597787929,1.62019395670456e-05,0.00698398900866532,1.35888330883003,1.18206215339823,1.56215461404318,0.945630843437287,Strong PP.H4 and conditional sharing,CFD (CD8 S100B),CFD (CD8 S100B)
KB-1980E6.3,CD8_ET,4063,8.64688285398869e-06,0.00748629931643152,2.62268637989566e-06,0.0012794467569321,0.991222984357403,Tier 1 (Strong),rs17186084,8,103541166,0.565274305790208,0.08512038801929,-0.175103905435454,0.0409,-0.309768025261068,0.0723542527602154,1.8583049144398e-05,0.00724383407294524,0.733617117126232,0.636619991758484,0.845392984053161,0.998710888037326,Strong PP.H4 and conditional sharing,KB-1980E6.3 (CD8 ET),KB-1980E6.3 (CD8 ET)
TNFRSF14,CD8_ET,3276,1.20262681236479e-07,0.0379553213288738,5.79843479253541e-08,0.0173553731607581,0.944689127263339,Tier 1 (Strong),rs3748825,1,2483270,0.303442451987987,0.0446645835660221,-0.107400433609706,0.0251,-0.353940040050685,0.0827174966309385,1.87817750253766e-05,0.00724383407294524,0.701917053004576,0.596863799327798,0.825460598973342,0.981959906061406,Strong PP.H4 and conditional sharing,TNFRSF14 (CD8 ET),TNFRSF14 (CD8 ET)
TNFRSF14,NK,3276,1.14732960397798e-07,0.0533855211280771,5.53182069933252e-08,0.024817897727106,0.921796411093649,Tier 1 (Strong),rs2227312,1,2487663,0.309941681575966,0.0446390571349227,-0.100903598340866,0.025,-0.325556723535213,0.080660335431111,5.43368884886359e-05,0.0180991235838511,0.722125217609148,0.616528344484158,0.845808363187849,0.973782460822906,Strong PP.H4 and conditional sharing,TNFRSF14 (NK),TNFRSF14 (NK)
