gene,cell_type,rsid,MR_beta,MR_se,MR_p,MR_FDR_global,instrument_F,MR_global_FDR005,PP_H4,PP4_conditional,coloc_moderate,coloc_strong,pseudobulk_logFC,pseudobulk_P,pseudobulk_FDR,pseudobulk_primary,evidence_tier,transcriptomic_context,historical_n_drugs,approved_drugs,historical_drug_direction,support_n,row_label
SESN3,CD4_NC,rs4409785,-0.327327918613502,0.0490727285162282,2.55348491576574e-11,7.26330688449346e-08,89.5675820460683,TRUE,0.999919443899077,0.999919469601413,TRUE,TRUE,-1.085125927215,0.00144444831233815,0.0229549182114217,TRUE,A: global-FDR MR + strong colocalisation,Donor-level pseudobulk association,0,"",Protective (↑ expression → ↓ MG risk),3,SESN3 (CD4 NC)
SESN3,CD8_NC,rs4409785,-0.437804737394404,0.0656353210330405,2.55348491576574e-11,7.26330688449346e-08,49.0546114519642,TRUE,0.99982347256234,0.999823515973483,TRUE,TRUE,-1.11966105005898,0.0026479686172213,0.0519633474517098,TRUE,A: global-FDR MR + strong colocalisation,Donor-level pseudobulk association,0,"",Protective (↑ expression → ↓ MG risk),3,SESN3 (CD8 NC)
MED16,CD4_NC,rs6678,0.117771846338497,0.0262299014008628,7.1228412478898e-06,0.00374643177999711,389.967536558246,TRUE,0.990446963607817,0.994387241260157,TRUE,TRUE,-0.735101202901662,0.000416412068056528,0.014188794841761,TRUE,A: global-FDR MR + strong colocalisation,Donor-level pseudobulk association,0,"",Risk (↑ expression → ↑ MG risk),3,MED16 (CD4 NC)
HIST1H2BG,CD4_ET,rs13191296,-0.599863421433146,0.0902338389097817,2.97351537301861e-11,7.26330688449346e-08,35.2736176218567,TRUE,0.996289356416334,0.996376599620692,TRUE,TRUE,,,,,A: global-FDR MR + strong colocalisation,Not evaluated in target pseudobulk populations,0,"",Protective (↑ expression → ↓ MG risk),2,HIST1H2BG (CD4 ET)
RP1-30M3.5,NK,rs34991172,-0.420339196897514,0.0682831882671456,7.46887690403813e-10,1.36829824881979e-06,62.8769321162598,TRUE,0.954996086095201,0.95499671801458,TRUE,TRUE,,,,,A: global-FDR MR + strong colocalisation,Not evaluated in target pseudobulk populations,0,"",Protective (↑ expression → ↓ MG risk),2,RP1-30M3.5 (NK)
ORMDL3,B_MEM,rs7359623,-0.228755427564776,0.0382469342092955,2.21753573626003e-09,3.2500203750627e-06,160.031003830763,TRUE,0.885743560960139,0.885745797459088,TRUE,TRUE,,,,,A: global-FDR MR + strong colocalisation,Not evaluated in target pseudobulk populations,0,"",Protective (↑ expression → ↓ MG risk),2,ORMDL3 (B MEM)
RNASET2,CD8_S100B,rs12212247,-0.222196228970372,0.0447354925541699,6.80354795171987e-07,0.00062320499237754,114.409358646397,TRUE,0.878455871746573,0.878826316211903,TRUE,TRUE,,,,,A: global-FDR MR + strong colocalisation,Not evaluated in target pseudobulk populations,0,"",Protective (↑ expression → ↓ MG risk),2,RNASET2 (CD8 S100B)
MED16,NK,rs2930893,0.137885998958322,0.030127146718686,4.72136919356768e-06,0.00345981934504641,288.641609564503,TRUE,0.991509378524554,0.995055391880904,TRUE,TRUE,,,,,A: global-FDR MR + strong colocalisation,Not evaluated in target pseudobulk populations,0,"",Risk (↑ expression → ↑ MG risk),2,MED16 (NK)
MED16,CD8_S100B,rs2930893,0.348390535387575,0.0761209466828873,4.7213691935677e-06,0.00345981934504641,39.9235754383866,TRUE,0.964578709896395,0.977953252507031,TRUE,TRUE,,,,,A: global-FDR MR + strong colocalisation,Not evaluated in target pseudobulk populations,0,"",Risk (↑ expression → ↑ MG risk),2,MED16 (CD8 S100B)
BCAS4,B_MEM,rs6096205,0.406126742169646,0.0894011073140514,5.55254936025162e-06,0.00369900742835672,41.9563754745553,TRUE,0.940903871473216,0.954022138988688,TRUE,TRUE,,,,,A: global-FDR MR + strong colocalisation,Not evaluated in target pseudobulk populations,0,"",Risk (↑ expression → ↑ MG risk),2,BCAS4 (B MEM)
CFD,CD8_S100B,rs2930901,0.306663266015126,0.0711238597787929,1.62019395670456e-05,0.0069839890086653,44.4246616894407,TRUE,0.915136612212085,0.945630843437287,TRUE,TRUE,,,,,A: global-FDR MR + strong colocalisation,Not evaluated in target pseudobulk populations,2,Danicopan (Approved); Lampalizumab (Phase 3),Risk (↑ expression → ↑ MG risk),2,CFD (CD8 S100B)
KB-1980E6.3,CD8_ET,rs17186084,-0.309768025261068,0.0723542527602154,1.8583049144398e-05,0.00724383407294525,44.101290825723,TRUE,0.991222984357403,0.998710888037326,TRUE,TRUE,,,,,A: global-FDR MR + strong colocalisation,Not evaluated in target pseudobulk populations,0,"",Protective (↑ expression → ↓ MG risk),2,KB-1980E6.3 (CD8 ET)
TNFRSF14,CD8_ET,rs3748825,-0.353940040050685,0.0827174966309385,1.87817750253766e-05,0.00724383407294525,46.1557805475211,TRUE,0.944689127263339,0.981959906061406,TRUE,TRUE,,,,,A: global-FDR MR + strong colocalisation,Not evaluated in target pseudobulk populations,0,"",Protective (↑ expression → ↓ MG risk),2,TNFRSF14 (CD8 ET)
TNFRSF14,NK,rs2227312,-0.325556723535213,0.080660335431111,5.43368884886359e-05,0.0180991235838511,48.2092021604054,TRUE,0.921796411093649,0.973782460822906,TRUE,TRUE,,,,,A: global-FDR MR + strong colocalisation,Not evaluated in target pseudobulk populations,0,"",Protective (↑ expression → ↓ MG risk),2,TNFRSF14 (NK)
IL12RB2,NK,rs17129778,0.266147956182195,0.0662939946098709,5.95311381956877e-05,0.0189671382912174,48.7075981997092,TRUE,0.947659988370227,0.986631351251418,TRUE,TRUE,,,,,A: global-FDR MR + strong colocalisation,Not evaluated in target pseudobulk populations,0,"",Risk (↑ expression → ↑ MG risk),2,IL12RB2 (NK)
R3HDM4,CD4_NC,rs1683565,0.222692873332154,0.0557324396466499,6.44898707296587e-05,0.0192575932837132,73.6283493990247,TRUE,0.921258874392773,0.94968496277951,TRUE,TRUE,-0.189046792128043,0.169786229470817,0.325702888420027,FALSE,A: global-FDR MR + strong colocalisation,Pseudobulk evaluated; primary threshold not met,0,"",Risk (↑ expression → ↑ MG risk),2,R3HDM4 (CD4 NC)
KISS1R,CD8_NC,rs2930894,0.268230561470337,0.0672029929178815,6.56986670432355e-05,0.0192575932837132,48.60908795165,TRUE,0.919220448053888,0.948325739089048,TRUE,TRUE,,,,,A: global-FDR MR + strong colocalisation,Not evaluated in target pseudobulk populations,0,"",Risk (↑ expression → ↑ MG risk),2,KISS1R (CD8 NC)
BCAS4,B_IN,rs6096141,0.346260499720876,0.0871476608691216,7.08949578761587e-05,0.0199814712044804,41.7495200395432,TRUE,0.869994838625931,0.896892205314097,TRUE,TRUE,,,,,A: global-FDR MR + strong colocalisation,Not evaluated in target pseudobulk populations,0,"",Risk (↑ expression → ↑ MG risk),2,BCAS4 (B IN)
CTSH,B_IN,rs3825932,0.303906815675588,0.0783540070518323,0.000105043006428514,0.0285094500410426,38.2594852975702,TRUE,0.903083597657995,0.951390196502673,TRUE,TRUE,,,,,A: global-FDR MR + strong colocalisation,Not evaluated in target pseudobulk populations,0,"",Risk (↑ expression → ↑ MG risk),2,CTSH (B IN)
CFD,NK,rs10424998,0.168916104327423,0.0442907913805079,0.0001368476762398,0.0323490248866211,119.631198613009,TRUE,0.931138312716024,0.956227426359599,TRUE,TRUE,,,,,A: global-FDR MR + strong colocalisation,Not evaluated in target pseudobulk populations,2,Danicopan (Approved); Lampalizumab (Phase 3),Risk (↑ expression → ↑ MG risk),2,CFD (NK)
CTSH,PLASMA,rs4779112,0.258906687931756,0.0678361200646685,0.000135276169682648,0.0323490248866211,58.6318899659141,TRUE,0.900259168316267,0.949875633069058,TRUE,TRUE,,,,,A: global-FDR MR + strong colocalisation,Not evaluated in target pseudobulk populations,0,"",Risk (↑ expression → ↑ MG risk),2,CTSH (PLASMA)
MED16,CD8_NC,rs10424998,0.144222196625656,0.037815904224287,0.000136847676239799,0.0323490248866211,168.115890511284,TRUE,0.856797091222987,0.905840592508195,TRUE,TRUE,-0.457426609374086,0.265375326819704,0.521689729626286,FALSE,A: global-FDR MR + strong colocalisation,Pseudobulk evaluated; primary threshold not met,0,"",Risk (↑ expression → ↑ MG risk),2,MED16 (CD8 NC)
CFD,CD8_ET,rs10424998,0.134253080914436,0.0352019437261339,0.0001368476762398,0.0323490248866211,196.780694604101,TRUE,0.844919348050595,0.897530768973117,TRUE,TRUE,,,,,A: global-FDR MR + strong colocalisation,Not evaluated in target pseudobulk populations,2,Danicopan (Approved); Lampalizumab (Phase 3),Risk (↑ expression → ↑ MG risk),2,CFD (CD8 ET)
R3HDM4,CD8_ET,rs11546307,0.159092972926884,0.0422071527593572,0.00016368191166591,0.0342703156767942,132.840675219885,TRUE,0.971993016660621,0.982693050822187,TRUE,TRUE,,,,,A: global-FDR MR + strong colocalisation,Not evaluated in target pseudobulk populations,0,"",Risk (↑ expression → ↑ MG risk),2,R3HDM4 (CD8 ET)
MED16,B_MEM,rs11546307,0.251336620645547,0.0666792690239217,0.00016368191166591,0.0342703156767942,51.0832756674281,TRUE,0.940711288348411,0.962498229336427,TRUE,TRUE,,,,,A: global-FDR MR + strong colocalisation,Not evaluated in target pseudobulk populations,0,"",Risk (↑ expression → ↑ MG risk),2,MED16 (B MEM)
KISS1R,CD4_ET,rs2930891,0.317374767160231,0.0838872670648835,0.000154732514224278,0.0342703156767942,33.0625269678636,TRUE,0.893930786475944,0.931547821548931,TRUE,TRUE,,,,,A: global-FDR MR + strong colocalisation,Not evaluated in target pseudobulk populations,0,"",Risk (↑ expression → ↑ MG risk),2,KISS1R (CD4 ET)
MED16,CD8_ET,rs11546307,0.124716679254487,0.0330871680633758,0.000163681911665911,0.0342703156767942,226.409867313277,TRUE,0.885300493341735,0.925504220957109,TRUE,TRUE,,,,,A: global-FDR MR + strong colocalisation,Not evaluated in target pseudobulk populations,0,"",Risk (↑ expression → ↑ MG risk),2,MED16 (CD8 ET)
BCAS4,CD8_ET,rs6122981,0.272512163184109,0.073135844282448,0.000194457964698117,0.0385131882515622,44.2432423753087,TRUE,0.883769801592441,0.908127497558804,TRUE,TRUE,,,,,A: global-FDR MR + strong colocalisation,Not evaluated in target pseudobulk populations,0,"",Risk (↑ expression → ↑ MG risk),2,BCAS4 (CD8 ET)
SPATA21,CD4_NC,rs673126,-0.280368916750242,0.0751750911370145,0.000191825528357261,0.0385131882515622,52.6407520183031,TRUE,0.882314080577794,0.947599705990931,TRUE,TRUE,,,,,A: global-FDR MR + strong colocalisation,Not evaluated in target pseudobulk populations,0,"",Protective (↑ expression → ↓ MG risk),2,SPATA21 (CD4 NC)
BCAS4,CD4_ET,rs6702,0.321720886238275,0.0867728763445787,0.000209215956531975,0.0403456455122714,30.057225004793,TRUE,0.893278275347643,0.9163777888428,TRUE,TRUE,,,,,A: global-FDR MR + strong colocalisation,Not evaluated in target pseudobulk populations,0,"",Risk (↑ expression → ↑ MG risk),2,BCAS4 (CD4 ET)
ALDH7A1,CD4_NC,rs79449010,-0.362278265799889,0.0981078836880376,0.000221927678363416,0.0416996417191567,29.815732148242,TRUE,0.872737453944806,0.989708935794511,TRUE,TRUE,,,,,A: global-FDR MR + strong colocalisation,Not evaluated in target pseudobulk populations,0,"",Protective (↑ expression → ↓ MG risk),2,ALDH7A1 (CD4 NC)
ORMDL3,CD4_ET,rs35736272,-0.302898291176876,0.0527875418106136,9.57649526076322e-09,1.16960928784788e-05,80.2128577633375,TRUE,0.730335084169829,0.730339414779146,TRUE,FALSE,,,,,B: global-FDR MR + moderate colocalisation,Not evaluated in target pseudobulk populations,0,"",Protective (↑ expression → ↓ MG risk),1,ORMDL3 (CD4 ET)
HIST1H3D,MONO_NC,rs116418977,-0.460736985976204,0.08290072001615,2.73359211851058e-08,2.86168043492079e-05,39.7588237949832,TRUE,0.556139390480429,0.847068767742812,TRUE,FALSE,,,,,B: global-FDR MR + moderate colocalisation,Not evaluated in target pseudobulk populations,0,"","",1,HIST1H3D (MONO NC)
RNASET2,CD4_SOX4,rs239936,-0.28191632446643,0.0628353497074205,7.23728407835616e-06,0.00374643177999711,52.3778904953564,TRUE,0.439782381147455,0.440633397059594,FALSE,FALSE,,,,,D: global-FDR MR only,Not evaluated in target pseudobulk populations,0,"",Protective (↑ expression → ↓ MG risk),1,RNASET2 (CD4 SOX4)
PNMT,CD8_ET,rs12453217,0.200625323024318,0.0445284369971329,6.61996817403962e-06,0.00374643177999711,130.389779748299,TRUE,0.042395305127967,0.0574523705330792,FALSE,FALSE,,,,,D: global-FDR MR only,Not evaluated in target pseudobulk populations,0,"","",1,PNMT (CD8 ET)
