gene,cell_type,nsnps,PP.H0,PP.H1,PP.H2,PP.H3,PP.H4,tier,b,se,pval,fdr,or,or_lci,or_uci
ABHD16A,B IN,9496,1.4e-50,2.87e-26,4.87e-25,0.999,0.00087,Not colocalized,-1.26600496136844,0.117330092367251,3.83317710042551e-27,2.95330593439614e-24,0.28195579902693,0.224030753887992,0.354857854224162
ABHD16A,CD8 S100B,9496,5.27e-75,2.87e-26,1.83e-49,1,1.99e-22,Not colocalized,-0.309145278965337,0.0686262867367684,6.64465038401564e-06,0.000267121976813497,0.73407411675105,0.641688175667487,0.839761163314728
ABHD16A,Mono C,9496,1.6e-85,2.87e-26,5.58e-60,1,1.18e-24,Not colocalized,0.203219049266816,0.0505052271615812,5.72852656484459e-05,0.00192590021414554,1.22534084886668,1.10985436501821,1.35284433996589
ABHD16A,Mono NC,9496,6.01e-40,2.87e-26,2.09e-14,1,2.82e-10,Not colocalized,-0.543828227663701,0.0872785987858349,4.6362719375214e-10,2.39635334566583e-08,0.580521624132523,0.48924383129211,0.688829034789095
ACAP1,B IN,3598,3.16e-05,0.165,6.55e-05,0.342,0.493,Not colocalized,-0.502879551998776,0.152502601886264,0.000975446129016107,0.02414149735591,0.604786635348655,0.448527783546192,0.81548320464005
ACAP1,CD4 NC,3598,2.95e-06,0.158,6.12e-06,0.328,0.514,Tier 2 (Moderate),-0.472724690255975,0.143357877554126,0.000975446129016106,0.02414149735591,0.623301648575429,0.470619140833308,0.825518793028555
ACAP1,NK,3598,0.0018,0.158,0.00372,0.327,0.51,Tier 2 (Moderate),-0.55332258989751,0.167799892253367,0.000975446129016106,0.02414149735591,0.57503602389359,0.413867096884263,0.798967666830059
AGER,DC,10548,1.16e-44,6.24e-24,1.85e-21,1,3.2e-07,Not colocalized,-0.490861013692542,0.0689240629584026,1.06553237566627e-12,7.03992607853247e-11,0.612099141489079,0.534752007417093,0.70063385235586
AGER,Mono NC,10548,1.19e-40,2.28e-25,1.9e-17,0.0357,0.964,Tier 1 (Strong),1.58287894621115,0.143218629671846,2.13940747910805e-28,4.06380450656574e-25,4.86895310693835,3.67726927559568,6.44682305832072
AGPAT1,CD4 SOX4,10636,1.35e-38,6.3e-24,2.14e-15,1,1.79e-07,Not colocalized,-0.440612170358452,0.0680711810421589,9.61936221113382e-11,5.14703620283062e-09,0.643642281728915,0.563250008149495,0.735508887412654
AIF1,Plasma,8774,6.72e-30,2.86e-26,0.000234,0.997,0.003,Not colocalized,-0.355566114621433,0.116303674669489,0.00223399001103107,0.0470189919773243,0.700776611007066,0.557930254151194,0.880195785908157
ALDH7A1,CD4 NC,3867,0.00293,0.0628,0.000405,0.00777,0.926,Tier 1 (Strong),-1.17294437808044,0.317642821777273,0.000221927678363416,0.00641143155971573,0.309454447669029,0.166040373097845,0.576739580835034
APC2,NK,3860,1.34e-33,0.22,2.53e-33,0.414,0.366,Not colocalized,0.179169143133612,0.057297415677393,0.00176598624155449,0.0382278161348461,1.1962230599741,1.0691524249979,1.33839626208265
APOM,CD8 S100B,9043,1.18e-38,2.79e-26,4.12e-13,0.972,0.0278,Not colocalized,1.00599880846669,0.129332029536295,7.3436081748219e-15,5.75224071260791e-13,2.73463728809447,2.12231618114773,3.52362252329079
APOM,DC,9043,7.33e-36,2.83e-26,2.55e-10,0.987,0.0131,Not colocalized,0.890299663502183,0.121422567905078,2.26333753432957e-13,1.65354217171501e-11,2.43585948011552,1.91997358936924,3.09036095065136
APOM,NK R,9043,9.8e-32,2.87e-26,3.41e-06,1,2.99e-07,Not colocalized,0.492294219998577,0.10164773510326,1.27803119350785e-06,5.51731875470037e-05,1.63606541156191,1.34052946518718,1.99675583448328
APOM,Plasma,9043,9.18e-37,2.79e-26,3.2e-11,0.971,0.0293,Not colocalized,1.46822341779856,0.134270441035808,7.85597073809461e-28,8.52709509543469e-25,4.34151522688283,3.33693711015297,5.64851953844327
ARID5B,CD4 NC,3536,8.74e-05,0.0446,0.00123,0.628,0.326,Not colocalized,0.524532957890683,0.151116527042555,0.000518428266141313,0.0141183439646656,1.68966951725262,1.25651820290382,2.27213825548633
ATP6V1G2,B IN,8498,1.23e-48,2.86e-26,4.28e-23,0.997,0.00314,Not colocalized,-1.27492843587327,0.118171119463942,3.8869517430852e-27,2.95330593439614e-24,0.27945096617019,0.22167480131134,0.352285609512161
ATP6V1G2,B Mem,8498,5.68e-36,2.87e-26,1.98e-10,1,1.25e-11,Not colocalized,0.384510737618025,0.102104711922827,0.000165985323841318,0.00498480826302899,1.4688954703054,1.20247929222824,1.7943376793504
ATP6V1G2,CD8 S100B,8498,6.35e-79,2.87e-26,2.21e-53,1,1.19e-07,Not colocalized,-0.801389224140575,0.0813668919537575,6.91725920106047e-23,2.02143597729452e-20,0.448705178862301,0.382560551997057,0.526286195706341
B3GALT4,DC,8071,3.47e-20,9.24e-15,3.92e-07,0.103,0.897,Tier 1 (Strong),-1.70450058774796,0.201787834064134,2.98899538323182e-17,2.94940089893446e-15,0.181863188204042,0.122455847503076,0.270090974813663
BCAS4,B IN,4011,1.61e-07,0.00794,5.42e-07,0.0258,0.966,Tier 1 (Strong),0.507663503042406,0.12776995018038,7.08949578761587e-05,0.00233186099542448,1.66140478919106,1.2933482529529,2.13420157118928
BCAS4,B Mem,4011,3.15e-07,0.0139,1.06e-06,0.0459,0.94,Tier 1 (Strong),0.596772383158658,0.131368132972005,5.55254936025162e-06,0.000225605722134716,1.81624717983145,1.40395161468335,2.34962073033386
BCAS4,CD4 ET,4011,0.00018,0.0249,0.000607,0.0829,0.891,Tier 1 (Strong),0.48840717260905,0.131730630516858,0.000209215956531975,0.00606726273942726,1.62971829154458,1.25887081023158,2.10981276887847
BCAS4,CD8 ET,4011,2.62e-07,0.0278,8.83e-07,0.0927,0.879,Tier 1 (Strong),0.407801064823699,0.10944419811094,0.000194457964698117,0.00570460083311309,1.50350803078215,1.21323511014476,1.86323028382907
BTN2A1,CD4 NC,3883,1.53e-40,2.45e-16,6.23e-25,1,1.8e-12,Not colocalized,0.40499503296801,0.07768769972036,1.85694146731715e-07,8.55093410222772e-06,1.49929505299178,1.2875319148945,1.74588732902191
BTN2A1,CD4 SOX4,3883,4.41e-21,1.09e-17,1.8e-05,0.0436,0.956,Tier 1 (Strong),-2.24721908825965,0.239636011650879,6.74689557527611e-21,1.3854841238094e-18,0.105692738431799,0.066078908279799,0.16905477478398
BTN2A1,CD8 ET,3883,2.57e-20,2.45e-16,0.000105,1,5.45e-05,Not colocalized,0.744163375381816,0.143948300901766,2.34523741984023e-07,1.06701280933809e-05,2.10467987120602,1.58728451758035,2.79072674822808
BTN2A1,CD8 NC,3883,7.8e-22,2.45e-16,3.18e-06,1,9.89e-06,Not colocalized,0.680578938323979,0.131648754886653,2.34523741984024e-07,1.06701280933809e-05,1.97502081655222,1.52584351044325,2.55642678893161
BTN3A1,CD8 ET,3950,2.62e-21,2.54e-16,1.03e-05,1,4.27e-07,Not colocalized,-0.472501253551254,0.142355108687227,0.000902844306270962,0.0229169361135109,0.623440932601837,0.471650390200006,0.824081999123602
BTN3A1,CD8 NC,3950,2.1e-22,2.54e-16,8.25e-07,1,4.1e-08,Not colocalized,-0.456742313370619,0.135644895916817,0.000759379916247776,0.0196920430158724,0.633343523194534,0.485485280777413,0.826233120250608
BTN3A1,NK,3950,2.36e-19,2.54e-16,0.000927,0.999,4.64e-05,Not colocalized,-0.529436135137905,0.159508441499461,0.000902844306270962,0.0229169361135109,0.588936956927587,0.430816652130319,0.805091301647755
BTN3A2,B IN,4004,2.64e-28,7.65e-16,3.45e-13,1,5.34e-08,Not colocalized,-0.837275724834771,0.124621921228521,1.83570911725962e-11,1.03316428688435e-09,0.432888225150024,0.339074751353236,0.552657532669897
BTN3A2,B Mem,4004,3.63e-31,7.65e-16,4.74e-16,1,4.24e-08,Not colocalized,-0.773051397809871,0.115062634142977,1.83570911725963e-11,1.03316428688435e-09,0.461602384621778,0.36840435225574,0.578377427367084
BTN3A2,CD4 ET,4004,1.03e-43,7.65e-16,1.35e-28,1,4.03e-08,Not colocalized,-0.612948281996716,0.0912325417427169,1.83570911725963e-11,1.03316428688435e-09,0.541751276672734,0.453044889852082,0.647826412681452
BTN3A2,CD4 NC,4004,1.78e-76,7.65e-16,2.32e-61,1,3.95e-08,Not colocalized,-0.459061340849575,0.0683276781608645,1.83570911725965e-11,1.03316428688435e-09,0.631876483870344,0.552675864172201,0.722426863106051
BTN3A2,CD8 ET,4004,1.27e-63,7.65e-16,1.66e-48,1,3.96e-08,Not colocalized,-0.500062804903868,0.0744304243316514,1.83570911725962e-11,1.03316428688435e-09,0.606492567809049,0.524166217184375,0.701749221427272
BTN3A2,CD8 NC,4004,3.43e-54,7.65e-16,4.48e-39,1,3.97e-08,Not colocalized,-0.542661253410858,0.0807708691060927,1.83570911725963e-11,1.03316428688435e-09,0.581199473360477,0.49610277956497,0.680892834607184
BTN3A2,CD8 S100B,4004,6.69e-35,7.65e-16,8.75e-20,1,4.43e-08,Not colocalized,-0.711353153457351,0.10587933464011,1.83570911725963e-11,1.03316428688435e-09,0.490979377318663,0.398966969250664,0.604212297085597
BTN3A2,NK,4004,2.93e-67,7.65e-16,3.83e-52,1,3.96e-08,Not colocalized,-0.475533498969026,0.070779429633811,1.83570911725963e-11,1.03316428688435e-09,0.621553369913627,0.541040478638907,0.714047482404405
BTN3A2,NK R,4004,3.62e-21,7.64e-16,4.73e-06,1,3.46e-05,Not colocalized,-1.19526887494547,0.16418157552816,3.33413409921343e-13,2.41264294150701e-11,0.302622575613789,0.219354801270728,0.417499059699607
C19orf83,B Mem,3718,0.00864,0.385,0.000955,0.042,0.563,Tier 2 (Moderate),-0.392081390439839,0.124503145253502,0.00163735724117915,0.0361175596163262,0.675649120343598,0.529348880455601,0.862383487858092
C19orf83,CD4 ET,3718,0.00505,0.387,0.000559,0.0423,0.565,Tier 2 (Moderate),-0.385030655353996,0.122264225692561,0.00163735724117915,0.0361175596163262,0.680429777069182,0.535438876904177,0.864682602427603
C19orf83,CD4 NC,3718,1.32e-27,0.387,1.46e-28,0.0422,0.57,Tier 2 (Moderate),-0.18608560237868,0.0590903913000003,0.00163735724117915,0.0361175596163262,0.830202524629186,0.739409954722284,0.932143565959355
C19orf83,CD8 ET,3718,4.29e-34,0.387,4.75e-35,0.0422,0.57,Tier 2 (Moderate),-0.171858681676953,0.0545727160983028,0.00163735724117915,0.0361175596163262,0.842098168661216,0.756675180686413,0.937164775272914
C19orf83,CD8 NC,3718,1.39e-10,0.387,1.53e-11,0.0422,0.57,Tier 2 (Moderate),-0.265537515770357,0.084319880265482,0.00163735724117915,0.0361175596163262,0.766793675490577,0.649985982902279,0.904592646978275
C19orf83,NK,3718,1.1e-42,0.387,1.21e-43,0.0422,0.57,Tier 2 (Moderate),-0.154285181278459,0.0489923541477604,0.00163735724117915,0.0361175596163262,0.857027577937469,0.778559240109391,0.943404472654085
C19orf83,NK R,3718,0.0011,0.387,0.000121,0.0422,0.57,Tier 2 (Moderate),-0.364000948827679,0.115586365763154,0.00163735724117915,0.0361175596163262,0.694890535411224,0.554022363498676,0.871576470586374
C2,NK,10526,2.64e-79,3.01e-26,8.72e-54,0.995,0.00511,Not colocalized,0.9517636930965,0.086949697333727,6.93387206201943e-28,8.52709509543469e-25,2.59027408152833,2.18440239197727,3.07155853796888
C21orf91,CD4 NC,4242,1.11e-05,0.262,3.99e-06,0.0935,0.644,Tier 2 (Moderate),-0.383718992473601,0.121938715796011,0.00165057451266369,0.0361413981187859,0.681322857132421,0.536483820196714,0.86526530377165
C5orf56,NK,2810,1.41e-06,0.447,5.26e-07,0.166,0.387,Not colocalized,-0.295414464675925,0.092917916438353,0.00147628288049965,0.0341691250619857,0.744223069362139,0.620311454632533,0.892886908398151
C6orf136,DC,11101,3.35e-40,1.05e-27,3.2e-13,1,6.3e-11,Not colocalized,-0.66532093228099,0.0862314858712438,1.20488009252609e-14,9.24715044748813e-13,0.51410850721195,0.434163258226016,0.608774584628963
C6orf136,NK R,11101,2.62e-33,1.05e-27,2.5e-06,1,1.76e-06,Not colocalized,-0.410813933550437,0.101902376142758,5.54347183178144e-05,0.00188032584722658,0.663110302702453,0.543056131865149,0.809705015280682
C6orf136,Plasma,11101,1.11e-30,1.05e-27,0.00106,0.999,4e-04,Not colocalized,0.471963281237969,0.100292592629502,2.52793255076093e-06,0.000106117301219235,1.60313851738411,1.31704395814118,1.95137989892743
C6orf25,CD8 NC,9831,1.14e-29,2.87e-26,0.000396,0.999,0.00037,Not colocalized,1.39492700574458,0.168344216977489,1.16964062989941e-16,1.0971517908612e-14,4.03468005341687,2.9007587493226,5.61185694509805
C6orf47-AS1,CD8 ET,9072,6.37e-68,2.87e-26,2.22e-42,1,6.97e-20,Not colocalized,-0.306463845738699,0.050545734758184,1.33522566151211e-09,6.71857256699933e-08,0.736045128866231,0.666621083054087,0.812699216240885
CCHCR1,NK R,8249,8.19e-46,2.79e-26,2.85e-20,0.971,0.0295,Not colocalized,1.22930092971622,0.116324928647828,4.20146629463798e-26,2.45559545435841e-23,3.41883869216827,2.72182896942124,4.29433962764832
CCHCR1,Plasma,8249,6.07e-61,2.87e-26,2.11e-35,1,7.79e-17,Not colocalized,0.411259044154128,0.0557129850422527,1.56228299153285e-13,1.15244914268608e-11,1.5087161300358,1.35264453821629,1.68279566192004
CDK5R1,CD4 NC,3451,3.17e-20,0.401,3.84e-21,0.0481,0.551,Tier 2 (Moderate),0.222755412022747,0.0664633578637702,0.000803598929377321,0.0206974395437589,1.24951492003106,1.09689913473777,1.42336472510162
CFD,CD8 ET,3222,2.11e-40,0.0593,3.51e-40,0.0976,0.843,Tier 1 (Strong),0.220807866114471,0.0578971150926753,0.000136847676239799,0.00424480824707939,1.24708380048811,1.11330104959781,1.39694290776219
CFD,CD8 S100B,3222,8.42e-08,0.0185,1.4e-07,0.0298,0.952,Tier 1 (Strong),0.499362277421277,0.115816194941254,1.62019395670456e-05,0.000577945243335271,1.64767017910783,1.31306294674951,2.06754522000772
CFD,NK,3222,1.24e-21,0.0288,2.06e-21,0.0469,0.924,Tier 1 (Strong),0.277818611646455,0.0728456663090225,0.0001368476762398,0.00424480824707939,1.32024669811374,1.14458383228197,1.52286909417992
CRHR1,CD8 NC,3694,1.6e-09,0.121,5.41e-09,0.409,0.47,Not colocalized,-0.420535652446778,0.118627323341191,0.000392590595926076,0.0110070234237872,0.656694965322648,0.520458457810671,0.828593081749842
CTA-14H9.5,B IN,3776,1.4e-31,2.22e-16,5.83e-16,0.921,0.079,Not colocalized,0.974198992367142,0.125032448273629,6.6181968803943e-15,5.23802707262874e-13,2.64904445609556,2.0732872553967,3.38469091154853
CTLA4,CD8 S100B,2494,1.12e-25,0.0788,6.18e-25,0.433,0.489,Not colocalized,0.258008171948272,0.0728814168594193,0.000399961551727795,0.0111315306594424,1.29434939593733,1.12205361919647,1.4931018715158
CTSH,B IN,4185,4.69e-06,0.0507,4.36e-06,0.0462,0.903,Tier 1 (Strong),0.45777424404488,0.11802448808627,0.000105043006428514,0.00341075539676858,1.58055214372255,1.2541351949893,1.99192645976838
CTSH,B Mem,4185,6.89e-07,0.21,6.4e-07,0.194,0.596,Tier 2 (Moderate),0.649935668608337,0.200505156223954,0.00118906169379183,0.0282327835919699,1.91541760357025,1.292974738414,2.83750678730745
CTSH,CD4 NC,4185,7.52e-05,0.172,6.99e-05,0.159,0.669,Tier 2 (Moderate),-0.651505011865893,0.199517464236116,0.00109308271056133,0.0263658489995078,0.521260682608649,0.352551262500876,0.770704087984821
CTSH,DC,4185,1.53e-06,0.22,1.42e-06,0.204,0.575,Tier 2 (Moderate),0.631790436046648,0.198909933918847,0.00149185186976794,0.0343487591105964,1.88097533221566,1.27370116537506,2.7777851638865
CTSH,Mono C,4185,2.34e-11,0.216,2.18e-11,0.2,0.584,Tier 2 (Moderate),0.520820881137855,0.167465562629698,0.00187076068111155,0.0400395483241846,1.68340896133864,1.2123836474799,2.33743315245617
CTSH,Mono NC,4185,3.91e-13,0.196,3.63e-13,0.182,0.622,Tier 2 (Moderate),0.44376140923297,0.13589788180207,0.00109308271056133,0.0263658489995078,1.55855858356957,1.19411050495433,2.03423791042796
CTSH,Plasma,4185,5.16e-08,0.0724,4.79e-08,0.0664,0.861,Tier 1 (Strong),0.390176932776838,0.102230226147307,0.000135276169682648,0.00424480824707939,1.4772421433158,1.20901465062438,1.80497758969361
DDR1,CD8 NC,9425,3.56e-42,9.43e-28,3.78e-15,1,8.5e-12,Not colocalized,0.530564360835273,0.0749202421782707,1.42373596411756e-12,9.32547056496999e-11,1.69989139008387,1.46773542561385,1.96876813603701
DDX39B,Plasma,8514,2.4e-31,2.86e-26,8.35e-06,0.996,0.00422,Not colocalized,0.706706154429864,0.142835539873989,7.50988938399345e-07,3.27931836434381e-05,2.02730262725651,1.53226724234253,2.68227097004166
DHX16,NK R,11121,1.12e-31,1.05e-27,0.000107,1,6.21e-06,Not colocalized,-0.371548938946509,0.117447211311617,0.00155862986081873,0.0355629720195216,0.689665253512283,0.547854535676297,0.868183305838677
DXO,CD4 SOX4,10351,3.72e-34,5.99e-24,6.21e-11,1,1.61e-11,Not colocalized,0.257374425137944,0.0814666451265398,0.00158169568898454,0.0359812091164806,1.29352936600933,1.1026317261357,1.51747694272544
DXO,Plasma,10351,1.04e-27,6.66e-25,0.000174,0.11,0.889,Tier 1 (Strong),2.24790593286338,0.205041317806652,5.74414020429183e-28,8.52709509543469e-25,9.46788866844643,6.33458910108524,14.1510229641792
EEF1D,CD4 ET,3340,0.000521,0.311,0.000388,0.231,0.457,Not colocalized,0.425102331920104,0.130597902801286,0.00113373540153849,0.0271738851132159,1.52974695359707,1.18427460850628,1.97599925324
EEF1D,CD8 NC,3340,0.000126,0.318,9.42e-05,0.237,0.445,Not colocalized,0.414105557890784,0.127219526542276,0.00113373540153849,0.0271738851132159,1.51301682932054,1.17910453985907,1.94149021432892
EGFL8,CD4 NC,10626,9.82e-30,6.29e-24,1.56e-06,1,7.23e-08,Not colocalized,-0.653568858760722,0.150382466711551,1.38614600758888e-05,0.000499143950979161,0.520185989749679,0.38739187804807,0.698500612081177
EHMT2,Plasma,10459,1.18e-28,2.38e-26,0.00393,0.792,0.204,Not colocalized,-0.767830362818538,0.125072876322749,8.30092455292231e-10,4.20469498354025e-08,0.464018729244918,0.3631376917909,0.592924904127135
EVI2A,B IN,2798,3.59e-22,0.356,8.02e-23,0.0788,0.566,Tier 2 (Moderate),-0.205468072888739,0.0664222130155343,0.00197901333267886,0.04209594448855,0.814266091316245,0.714869256965717,0.927483257961996
EVI2A,B Mem,2798,1.78e-09,0.321,3.97e-10,0.071,0.609,Tier 2 (Moderate),-0.314708673509769,0.0898036950601662,0.000457625835790202,0.012552494947054,0.730001512072416,0.612183064727169,0.870494854125885
EVI2A,CD4 NC,2798,1.68e-38,0.353,3.75e-39,0.0782,0.569,Tier 2 (Moderate),-0.165260046809755,0.0534240569730692,0.00197901333267886,0.04209594448855,0.847673240701799,0.763401481145565,0.941247745450572
EVI2A,CD8 ET,2798,4.58e-15,0.35,1.02e-15,0.0775,0.573,Tier 2 (Moderate),-0.247576763159986,0.0774966237370715,0.00139986904002726,0.0326263956016168,0.780690290257076,0.670675312116021,0.908751698908879
EVI2A,CD8 NC,2798,2.98e-13,0.357,6.65e-14,0.079,0.564,Tier 2 (Moderate),-0.250133154819956,0.0802303794099864,0.00182276702970466,0.0392333821294505,0.778697088897196,0.665388167253249,0.911301381808585
EVI2A,NK,2798,3.13e-18,0.331,6.99e-19,0.0734,0.595,Tier 2 (Moderate),-0.238025235346565,0.0679216921901064,0.000457625835790201,0.012552494947054,0.788182800776668,0.689939233928537,0.90041571328367
FKBPL,B IN,10546,1.53e-28,6.19e-24,2.46e-05,1,3.65e-06,Not colocalized,-1.13391400714651,0.160729465101913,1.72850877945038e-12,1.12249655609094e-10,0.321771373069233,0.234818181803719,0.440923337927063
FKBPL,CD4 ET,10546,5.97e-28,6.16e-24,9.64e-05,0.995,0.00453,Not colocalized,-0.813465127740511,0.117511659039435,4.43990703036866e-12,2.72051722715654e-10,0.443319243844871,0.352118335508619,0.558141772649545
FKBPL,CD8 S100B,10546,1.17e-39,6.18e-24,1.88e-16,0.999,0.00132,Not colocalized,0.906518503464612,0.126672077085691,8.28115626200154e-13,5.51931800690243e-11,2.47568841164556,1.93139247494415,3.17337526736162
FKBPL,Mono C,10546,1.93e-41,6.19e-24,3.11e-18,1,7.18e-07,Not colocalized,0.243820083989397,0.0677782550599005,0.00032151263383215,0.00908123788794302,1.27611471636561,1.11736664167084,1.45741666933046
FKBPL,Mono NC,10546,1.84e-32,6.19e-24,2.98e-09,1,2.3e-06,Not colocalized,0.791384148793175,0.110163184786765,6.78276766903388e-13,4.60138113833209e-11,2.20644836644263,1.77795585195361,2.73820881909298
GSDMA,CD4 NC,2568,2.67e-16,2.01e-05,1.32e-11,0.998,0.00179,Not colocalized,-0.355534811200638,0.0794628012087269,7.66873317412072e-06,0.000303474138838381,0.700798548055554,0.599726295765081,0.818904571009754
GTF2H4,B IN,9398,3.49e-56,9.43e-28,3.7e-29,1,5.7e-27,Not colocalized,0.200235315985984,0.05691204953588,0.000434273549241677,0.0119985833714119,1.22169020757388,1.09273933932984,1.36585817821592
GTF2H4,NK,9398,1.02e-41,8.64e-28,1.08e-14,0.917,0.0834,Not colocalized,-0.75876095967127,0.0888534515458598,1.34844432604637e-17,1.38452432287843e-15,0.468246243707324,0.393405762693664,0.557324181640794
HCG11,DC,3785,1.32e-28,6.73e-18,5.48e-13,0.027,0.973,Tier 1 (Strong),1.65503267222465,0.17788804772757,1.3552925870952e-20,2.45178882779746e-18,5.233250901334,3.69275243994858,7.41639615481359
HCG14,CD8 ET,5360,9.11e-59,1.47e-22,6.2e-37,1,3.71e-19,Not colocalized,-0.264144101782366,0.0531155769624211,6.59224991622847e-07,2.92911782827508e-05,0.767862881274059,0.691943736276556,0.852111773727861
HCG15,CD4 NC,6002,2.43e-56,1.62e-23,1.66e-34,0.109,0.891,Tier 1 (Strong),-0.939336815069642,0.0913408859121304,8.33228674921682e-25,3.16543573602747e-22,0.390886979773147,0.326813714299058,0.467522090631594
HCG17,NK,9594,3.5e-57,9.43e-28,3.71e-30,1,1.07e-19,Not colocalized,-0.254571363772082,0.0544084685000774,2.88428900875625e-06,0.00012041114224467,0.775248726443214,0.69683128103773,0.862490826985827
HCG23,B IN,8261,4.38e-29,1.25e-25,6.03e-06,0.0162,0.984,Tier 1 (Strong),-2.61722229336485,0.231444380497041,1.19498847794118e-29,9.07952245539705e-26,0.0730053689436547,0.046381561548855,0.114911695868306
HCG25,B Mem,8152,2.57e-38,7.75e-14,3.31e-25,1,2.02e-06,Not colocalized,0.202710976569764,0.063471790622026,0.00140453426936952,0.0326350195066348,1.22471844476344,1.0814538215195,1.38696192023835
HCG25,CD4 ET,8152,1.72e-51,3.78e-15,2.22e-38,0.0479,0.952,Tier 1 (Strong),-0.880493071245373,0.104237447045899,2.98899538323182e-17,2.94940089893446e-15,0.414578444567329,0.337969890963935,0.508552067196444
HCG27,B IN,8151,7.25e-32,2.87e-26,2.53e-06,1,9.22e-08,Not colocalized,0.337384317488296,0.106979499922667,0.00161198875719936,0.0361175596163262,1.40127749571505,1.1362171982203,1.72817188744642
HCG27,CD8 S100B,8151,1.85e-70,2.87e-26,6.44e-45,1,8.36e-09,Not colocalized,0.594180676261007,0.0698781109955272,1.84591243110841e-17,1.87003235354156e-15,1.81154609403729,1.57967570932446,2.07745123347194
HCG27,Mono C,8151,1.19e-102,2.87e-26,4.14e-77,1,6.89e-26,Not colocalized,0.153205025980896,0.0475923459134338,0.00128588870563873,0.0302317711187734,1.16556392533388,1.06175587975348,1.27952130046613
HCG27,NK,8151,1.05e-33,2.87e-26,3.67e-08,1,1.56e-07,Not colocalized,0.338917142213806,0.105282850643838,0.00128588870563874,0.0302317711187734,1.40342705553613,1.14175066434902,1.72507672796828
HFE,CD8 NC,4222,3.6e-18,1.62e-15,0.000285,0.127,0.872,Tier 1 (Strong),-1.32323149375339,0.1963106957939,1.57846661782267e-11,9.44345619072175e-10,0.266273449192161,0.181227803261769,0.391228875860063
HIST1H1B,B IN,3332,3.52e-68,2.79e-20,1.26e-48,1,5.91e-11,Not colocalized,-0.435431380842078,0.0606013143276603,6.71184645746034e-13,4.5942891336742e-11,0.646985509716801,0.574525982217326,0.728583672000353
HIST1H2AB,B IN,4301,3.39e-23,2.58e-16,2.52e-09,0.0181,0.982,Tier 1 (Strong),-1.61742139186803,0.175536493773113,3.13724113045331e-20,4.9659912727468e-18,0.198409660780247,0.140651100503766,0.279886850155705
HIST1H2AB,CD8 S100B,4301,3.96e-26,2.35e-16,2.94e-12,0.0165,0.984,Tier 1 (Strong),-1.39172386689452,0.154205853898872,1.79524787144744e-19,2.43576666558172e-17,0.248646301837867,0.183788922436589,0.336391239461011
HIST1H2AD,CD8 NC,4086,3.38e-18,1.25e-14,0.000271,0.999,0.00045,Not colocalized,-0.673220759196796,0.151583532616926,8.94367301322696e-06,0.000352093407018127,0.510063138882183,0.378960052008728,0.686521981056603
HIST1H2AG,CD8 S100B,3234,1.65e-24,4.45e-18,3.51e-08,0.0939,0.906,Tier 1 (Strong),-2.02612200182822,0.213609227105851,2.41964752803932e-21,5.10680053278975e-19,0.131845828906134,0.0867438212951018,0.200398395417786
HIST1H2AH,CD8 ET,3226,3.76e-23,4.84e-18,8.01e-07,0.102,0.898,Tier 1 (Strong),2.15200952085673,0.229560412635049,6.9517519971098e-21,1.3899845177379e-18,8.60212719437195,5.48529629873386,13.4899900093334
HIST1H2AI,CD8 ET,3226,4.98e-29,5.07e-20,9.83e-10,1,1.73e-05,Not colocalized,0.354751498431336,0.0950195245909478,0.000188867956887529,0.00558373049195115,1.42582629018353,1.18354388530274,1.71770614932333
HIST1H2AJ,NK,3251,5.23e-35,4.86e-20,1.07e-15,1,1.83e-05,Not colocalized,0.764728508499177,0.094875791673771,7.60997926458899e-16,6.21727123143527e-14,2.14841102013866,1.78384644463572,2.58748163292487
HIST1H2AK,CD8 S100B,3298,2.12e-34,3.09e-20,6.85e-15,0.999,0.000668,Not colocalized,-0.550866059925713,0.0930226921701414,3.18347622915451e-09,1.55051617878949e-07,0.576450353581546,0.480373892024958,0.691742444085669
HIST1H2AM,B IN,3391,5.77e-35,1.92e-21,2.47e-15,0.0814,0.919,Tier 1 (Strong),1.5659814323471,0.148623942934958,5.86187952740162e-26,2.96923737661317e-23,4.78737111189557,3.57755105753604,6.40631588324476
HIST1H2BB,CD8 NC,4286,5.86e-24,3.15e-16,4.35e-10,0.0224,0.978,Tier 1 (Strong),-1.49601458075466,0.166132040417775,2.15718385903761e-19,2.77801406118098e-17,0.224021201790747,0.161761317336177,0.310244128066005
HIST1H2BB,NK,4286,1.76e-18,4.39e-16,0.000131,0.0316,0.968,Tier 1 (Strong),2.10805745592442,0.234864857041489,2.81763144630743e-19,3.5680606215073e-17,8.23223426458974,5.19513357333327,13.0448389883465
HIST1H2BC,NK R,4108,1.13e-27,3.42e-16,8.96e-14,0.0262,0.974,Tier 1 (Strong),1.28502605302475,0.143947657442859,4.37571398873656e-19,5.27724998197157e-17,3.61476213147797,2.72614533010255,4.79303327041469
HIST1H2BE,CD4 NC,4077,1.01e-22,5.01e-16,8.06e-09,0.0391,0.961,Tier 1 (Strong),-1.59825261014255,0.177089661502378,1.79524787144741e-19,2.43576666558172e-17,0.202249618334585,0.142937422886945,0.286173538673905
HIST1H2BF,CD8 S100B,4089,2.92e-26,5.17e-16,2.34e-12,0.0405,0.96,Tier 1 (Strong),-1.63800302303571,0.181070511198298,1.48008011236593e-19,2.12182050825594e-17,0.19436780301263,0.136299415995997,0.277175383121715
HIST1H2BG,B IN,4105,1.12e-21,1.59e-15,8.94e-08,0.127,0.873,Tier 1 (Strong),-1.03760208112898,0.153803596055045,1.51684063966602e-11,9.14678982554158e-10,0.354303254608277,0.262092671591429,0.47895576577473
HIST1H2BG,B Mem,4105,4.98e-31,1.22e-14,3.99e-17,0.981,0.0193,Not colocalized,0.732344163546812,0.110639051506284,3.61100412260563e-11,1.95974352311125e-09,2.0799506418395,1.67446150258634,2.58363340441472
HIST1H2BG,CD4 ET,4105,2e-18,4.03e-15,0.00016,0.323,0.677,Tier 2 (Moderate),-1.50580357130837,0.226508955252836,2.97351537301863e-11,1.625379122604e-09,0.221838958766731,0.142308061563528,0.345816836277671
HIST1H2BG,CD8 S100B,4105,1.95e-18,1.25e-15,0.000156,0.0992,0.901,Tier 1 (Strong),1.76905023099341,0.228316968526726,9.31891716890184e-15,7.22501353564451e-13,5.86528005391404,3.74922432785352,9.17563397187737
HIST1H2BH,CD4 ET,4072,3.04e-33,3.38e-16,2.46e-19,0.0264,0.974,Tier 1 (Strong),1.36893297977337,0.151326579351722,1.48008011236593e-19,2.12182050825594e-17,3.93115383614461,2.92218868230669,5.28849166277504
HIST1H2BI,CD8 ET,4067,3.58e-25,3.24e-16,2.9e-11,0.0253,0.975,Tier 1 (Strong),1.69353109440458,0.189895929328601,4.73900533704619e-19,5.53953270013491e-17,5.43865122967162,3.74842245543094,7.89103350801694
HIST1H2BI,CD8 NC,4067,1.62e-21,6.98e-16,1.31e-07,0.0556,0.944,Tier 1 (Strong),-1.95588476882869,0.21931369141289,4.73900533704619e-19,5.53953270013491e-17,0.141439280251027,0.0920208953825922,0.217397036996371
HIST1H2BI,NK,4067,4.06e-22,3.77e-16,3.29e-08,0.0296,0.97,Tier 1 (Strong),1.57974350729383,0.176961686263284,4.37571398873663e-19,5.27724998197157e-17,4.85371071016959,3.43116070611321,6.8660461213727
HIST1H2BJ,B IN,3245,3.6e-34,2.75e-18,7.67e-18,0.0576,0.942,Tier 1 (Strong),-1.48164753252405,0.1550140227353,1.19878510924237e-21,2.93818363226565e-19,0.227262956664611,0.167717373457328,0.307949322167757
HIST1H2BL,CD8 ET,3219,2.26e-26,3.53e-21,4.28e-07,0.0662,0.934,Tier 1 (Strong),2.13794891081832,0.205782285624652,2.77169295698182e-25,1.27374414259935e-22,8.48202239052409,5.66674926236868,12.6959391535314
HIST1H2BL,CD8 NC,3219,5.52e-61,5.26e-20,1.05e-41,1,5.63e-08,Not colocalized,0.545381556492312,0.0676625839907958,7.60997926458899e-16,6.21727123143527e-14,1.72526654345626,1.51098671622239,1.96993435747148
HIST1H2BL,NK,3219,1.41e-32,2.31e-21,2.68e-13,0.043,0.957,Tier 1 (Strong),-1.57922996505213,0.152123102123275,3.01755653682393e-25,1.27374414259935e-22,0.20613376731143,0.152988695611153,0.277740324906106
HIST1H2BM,CD8 ET,3254,4.02e-29,4.86e-20,8.27e-10,1,1.93e-07,Not colocalized,-0.515137416756423,0.104875222840736,9.01945023423164e-07,3.91598759312526e-05,0.597418493665717,0.486415124748746,0.733753615819764
HIST1H2BN,DC,3322,4.09e-27,1.09e-20,1.43e-07,0.38,0.62,Tier 2 (Moderate),1.05545545088049,0.130944734459042,7.6099792645891e-16,6.21727123143527e-14,2.87328349543398,2.22288026435014,3.71399133706685
HIST1H2BN,Plasma,3322,1.79e-27,2.29e-21,6.25e-08,0.079,0.921,Tier 1 (Strong),-1.62040687914272,0.156089566821859,3.01755653682393e-25,1.27374414259935e-22,0.197818194609492,0.145680060231294,0.268616295575587
HIST1H2BO,CD8 NC,3393,3.23e-64,2.34e-20,1.38e-44,1,4.67e-16,Not colocalized,-0.320347971322084,0.0590303221532481,5.73612774873486e-08,2.7070247599309e-06,0.725896401990662,0.646587075208383,0.81493368275753
HIST1H2BO,NK,3393,3.61e-49,2.34e-20,1.54e-29,1,4.69e-13,Not colocalized,-0.324427994081915,0.0673501241498701,1.45706175647306e-06,6.21952540768671e-05,0.722940761789015,0.633538671163914,0.824958868092299
HIST1H3B,CD4 NC,4298,4.05e-25,1.03e-15,3e-11,0.0756,0.924,Tier 1 (Strong),-0.809810292350427,0.130716835831155,5.82298688254111e-10,2.98939556307752e-08,0.444942467206581,0.344378033438986,0.574873481757524
HIST1H3D,CD8 S100B,4089,6.18e-25,1.25e-14,4.95e-11,1,1.77e-08,Not colocalized,-0.809669597675797,0.134624721375327,1.80697673349842e-09,8.91520079293573e-08,0.445005072646257,0.341798447113571,0.57937511522719
HIST1H3D,Mono C,4089,1.54e-20,2.83e-16,1.23e-06,0.0217,0.978,Tier 1 (Strong),1.78913540435804,0.198683033663846,2.15718385903761e-19,2.77801406118098e-17,5.98427624987252,4.05405112266946,8.83352507188109
HIST1H3D,Mono NC,4089,2.58e-18,1.25e-14,0.000206,1,6.49e-05,Not colocalized,-1.27242867824993,0.228948959616551,2.73359211851056e-08,1.30627879977631e-06,0.280150399696149,0.178857006439103,0.438810019313582
HIST1H3H,CD8 ET,3228,7.81e-26,2.85e-21,1.54e-06,0.0554,0.945,Tier 1 (Strong),-2.22530093981322,0.239539534271165,1.54417480713398e-20,2.66650913286454e-18,0.108034901739109,0.0675559978680513,0.172768375305115
HIST1H3H,CD8 NC,3228,3.79e-23,1.32e-20,0.000748,0.26,0.739,Tier 2 (Moderate),-1.63334083869664,0.179063825795662,7.4052878993866e-20,1.12530754919079e-17,0.195276097212132,0.137475997980306,0.277377540098778
HIST1H3H,NK,3228,3.43e-33,5.07e-20,6.77e-14,1,2.57e-14,Not colocalized,0.276574923369536,0.0745141834941517,0.000205865043607191,0.00599296015834267,1.31860574340223,1.13942884502452,1.52595847834266
HIST1H3I,CD8 NC,3351,7.43e-33,2.22e-21,3.06e-13,0.0904,0.91,Tier 1 (Strong),-1.49513275286498,0.165342083954541,1.52900600706612e-19,2.15136808179414e-17,0.224218837061705,0.162154898433004,0.310037423347249
HIST1H3J,CD8 ET,3392,4.84e-25,1.91e-21,2.07e-05,0.0809,0.919,Tier 1 (Strong),-2.7390418164477,0.257714692087645,2.20337217304336e-26,1.52192925188941e-23,0.0646322467885225,0.0390012097953709,0.107107634528514
HIST1H4A,Mono C,4315,3.38e-32,1.46e-16,2.51e-18,0.00982,0.99,Tier 1 (Strong),-1.19588117563413,0.129787320481546,3.13724113045336e-20,4.9659912727468e-18,0.302437336319197,0.234508293782698,0.390043102205196
HIST1H4B,CD4 ET,4300,1.89e-22,1.84e-16,1.4e-08,0.0127,0.987,Tier 1 (Strong),-1.67717706583466,0.181478278807895,2.42495866436914e-20,4.09440798486149e-18,0.186900840806297,0.130958540278357,0.266740330335475
HIST1H4B,CD8 ET,4300,7.89e-21,1.97e-15,5.85e-07,0.145,0.855,Tier 1 (Strong),-1.3572172724203,0.186582518159874,3.48773901754341e-13,2.49998500521649e-11,0.257375988634321,0.178544214525233,0.371013979375583
HIST1H4E,B Mem,4091,1.87e-32,1.11e-14,1.49e-18,0.892,0.108,Not colocalized,-1.06926563465412,0.128636220597746,9.38476774362778e-17,9.02600826785872e-15,0.343260503500839,0.266763541047048,0.441693691728544
HIST1H4E,NK R,4091,6.13e-34,1.25e-14,4.91e-20,1,3.94e-11,Not colocalized,-0.372147498411407,0.0842348894862705,9.96306934195998e-06,0.00037426853605629,0.689252571366905,0.584354253381368,0.812981345454236
HIST1H4F,CD8 ET,4082,3.23e-38,5.03e-16,2.59e-24,0.0393,0.961,Tier 1 (Strong),1.23928475061983,0.136994816346011,1.48008011236595e-19,2.12182050825594e-17,3.45314272307747,2.63998942265903,4.51675850046878
HIST1H4H,CD8 S100B,4061,1.87e-40,5.62e-16,1.52e-26,0.0449,0.955,Tier 1 (Strong),1.16822167073825,0.131463204015005,6.31767549467568e-19,7.16443259829042e-17,3.2162679664229,2.48569870954079,4.16155811327155
HIST1H4I,B IN,3235,7.6e-34,6.24e-18,1.62e-17,0.132,0.868,Tier 1 (Strong),-1.46839857198139,0.154809771455645,2.41964752803936e-21,5.10680053278975e-19,0.230293989288536,0.170022291503936,0.311931576932077
HIST1H4I,CD4 NC,3235,4.39e-26,7.29e-18,9.35e-10,0.154,0.846,Tier 1 (Strong),1.82959004903353,0.196844858394436,1.47790178515063e-20,2.61141808455221e-18,6.2313315944255,4.23665535498168,9.1651291375466
HIST1H4I,CD8 ET,3235,1.05e-71,6.4e-18,2.23e-55,0.135,0.865,Tier 1 (Strong),-0.929976885746951,0.0980452527594409,2.41964752803932e-21,5.10680053278975e-19,0.394562830291304,0.32558048532499,0.478160805283175
HIST1H4J,B Mem,3274,2.39e-22,4.66e-20,0.0051,0.994,0.00121,Not colocalized,-1.32729237641193,0.163780477908857,5.31400416080238e-16,4.53660714761534e-14,0.265194336517829,0.192376264621581,0.365575432392724
HIST1H4J,Mono NC,3274,6.45e-23,2.64e-20,0.00138,0.562,0.436,Not colocalized,1.13174282373916,0.173908448858396,7.63135909831215e-11,4.11227421482097e-09,3.10105638792092,2.20534126135204,4.36057261957247
HIST1H4K,NK,3292,2.8e-22,3.86e-20,0.00617,0.849,0.145,Not colocalized,-0.922382462919257,0.142717460025236,1.02649580709657e-10,5.41619107105539e-09,0.397570714371696,0.300559757492572,0.525893666685989
HLA-A,B IN,7289,3.74e-47,9.75e-28,3.84e-20,1,1.64e-21,Not colocalized,-0.31152989219244,0.0671294138386165,3.47170310825447e-06,0.000144142077685888,0.732325719356852,0.642040724620231,0.835306762742745
HLA-A,B Mem,7289,5.66e-40,9.75e-28,5.8e-13,1,5.65e-14,Not colocalized,-0.323382758154152,0.0932544208345429,0.000524840742182836,0.0141409218407986,0.723696800497459,0.602805057055049,0.868833220492428
HLA-A,CD4 ET,7289,1.01e-36,9.75e-28,1.04e-09,1,4.43e-11,Not colocalized,-0.359570113470778,0.103689828340026,0.000524840742182836,0.0141409218407986,0.697976312200744,0.569610675467562,0.855270017531639
HLA-A,CD4 NC,7289,1.52e-41,9.75e-28,1.56e-14,1,1.29e-15,Not colocalized,-0.29906308895516,0.0727252844631788,3.91855798215539e-05,0.00135950701134323,0.741512626702433,0.643003799010525,0.855113105716101
HLA-A,CD8 NC,7289,2.26e-34,9.75e-28,2.32e-07,1,1.04e-08,Not colocalized,-0.394506427362516,0.113764470960629,0.000524840742182837,0.0141409218407986,0.674012631355089,0.53929918360483,0.842376626995033
HLA-A,CD8 S100B,7289,4.06e-30,9.7e-28,0.00417,0.996,0.000324,Not colocalized,-0.489152291302894,0.118950618931621,3.91855798215541e-05,0.00135950701134323,0.613145943088792,0.48563619546136,0.774134941010914
HLA-A,DC,7289,4.42e-37,9.75e-28,4.54e-10,1,2.32e-11,Not colocalized,-0.400387841656693,0.104878472370908,0.00013473646573402,0.00424480824707939,0.67006011840711,0.545556094578959,0.822977814272714
HLA-A,Mono C,7289,2.23e-37,9.75e-28,2.29e-10,1,2.28e-11,Not colocalized,-0.376612498302417,0.109366202345445,0.000574042828223851,0.0153037803819117,0.686181919043451,0.553789706806555,0.850224589289133
HLA-A,Mono NC,7289,1.02e-39,9.75e-28,1.05e-12,1,1.53e-13,Not colocalized,-0.341348757294497,0.0991258055133867,0.000574042828223851,0.0153037803819117,0.710810964463963,0.585297311479923,0.863240300770664
HLA-A,Plasma,7289,2.94e-29,9.44e-28,0.0302,0.968,0.0013,Not colocalized,-0.490994303356492,0.114386120011662,1.76729038848934e-05,0.00062747067157673,0.612017560437282,0.489098636810491,0.76582812973313
HLA-B,B IN,8444,4.39e-82,2.87e-26,1.53e-56,1,4.7e-24,Not colocalized,-0.196372850848093,0.0444991001606747,1.0196576331094e-05,0.00037426853605629,0.821705803849391,0.753074523593995,0.896591780661265
HLA-B,B Mem,8444,1.05e-89,2.87e-26,3.67e-64,1,4.7e-24,Not colocalized,-0.188004839595459,0.0426028656798468,1.0196576331094e-05,0.00037426853605629,0.82861069708241,0.762230362242954,0.900771894337832
HLA-B,CD4 ET,8444,9.49e-90,2.87e-26,3.3e-64,1,4.7e-24,Not colocalized,-0.187946771415247,0.0425897071309117,1.0196576331094e-05,0.00037426853605629,0.828658814394723,0.762294284750413,0.900800969403694
HLA-B,CD4 NC,8444,6.99e-101,2.87e-26,2.44e-75,1,4.7e-24,Not colocalized,-0.178150460776768,0.0403698126474122,1.0196576331094e-05,0.00037426853605629,0.836816505954682,0.77315533977505,0.905719495957882
HLA-B,CD4 SOX4,8444,5.61e-43,2.87e-26,1.95e-17,1,8.73e-19,Not colocalized,-0.282560787813626,0.0640297309128757,1.0196576331094e-05,0.00037426853605629,0.753850815623612,0.664939606061668,0.854650628471784
HLA-B,CD8 ET,8444,7.52e-111,2.87e-26,2.62e-85,1,4.7e-24,Not colocalized,-0.171126605179505,0.0387781707662313,1.0196576331094e-05,0.00037426853605629,0.842714874649474,0.781037730444302,0.909262551953145
HLA-B,CD8 NC,8444,3.64e-97,2.87e-26,1.27e-71,1,4.7e-24,Not colocalized,-0.181159485956149,0.041051673262385,1.01965763310939e-05,0.00037426853605629,0.834302288586453,0.769802904139154,0.904205875293462
HLA-B,CD8 S100B,8444,4.59e-84,2.87e-26,1.6e-58,1,4.7e-24,Not colocalized,-0.193948280849204,0.0439496801020403,1.01965763310939e-05,0.00037426853605629,0.82370050425754,0.755715985571472,0.897800938008553
HLA-B,DC,8444,1.81e-59,2.87e-26,6.31e-34,1,4.7e-24,Not colocalized,-0.234548370141594,0.0531498695994775,1.0196576331094e-05,0.00037426853605629,0.790927975667934,0.712680465102102,0.877766535391922
HLA-B,Mono C,8444,2.91e-84,2.87e-26,1.01e-58,1,4.7e-24,Not colocalized,-0.192768884162041,0.0436824227338015,1.01965763310939e-05,0.00037426853605629,0.824672547002799,0.757004233779907,0.89838970435377
HLA-B,Mono NC,8444,1.02e-101,2.87e-26,3.56e-76,1,4.7e-24,Not colocalized,-0.174086691939579,0.0394489416831475,1.01965763310939e-05,0.00037426853605629,0.840224053848082,0.777706078249074,0.907767703518969
HLA-B,NK,8444,5.88e-106,2.87e-26,2.05e-80,1,4.7e-24,Not colocalized,-0.170820058362764,0.038708705677533,1.0196576331094e-05,0.00037426853605629,0.842973245811124,0.781383571136471,0.909417499167297
HLA-B,NK R,8444,4.32e-65,2.87e-26,1.5e-39,1,4.7e-24,Not colocalized,-0.221618920318475,0.0502199896276963,1.0196576331094e-05,0.00037426853605629,0.801220635069171,0.726112657926401,0.884097665910288
HLA-C,B IN,8205,4.59e-50,2.87e-26,1.6e-24,1,7.08e-14,Not colocalized,-0.561144383539757,0.0686205100198144,2.89787726920511e-16,2.5020535785705e-14,0.570555755487353,0.498754851663834,0.65269313979357
HLA-C,B Mem,8205,1.73e-53,2.87e-26,6.01e-28,1,7.07e-14,Not colocalized,-0.534510586360817,0.0653635501360599,2.89787726920511e-16,2.5020535785705e-14,0.585955994836312,0.515497335334614,0.666045010032387
HLA-C,CD4 ET,8205,1.02e-39,2.87e-26,3.54e-14,1,8.6e-15,Not colocalized,-0.344547966755564,0.0903675161024461,0.000137433907446898,0.00424480824707939,0.708540564979626,0.593529537221607,0.845837823963601
HLA-C,CD4 NC,8205,1.58e-45,2.87e-26,5.52e-20,1,2.81e-20,Not colocalized,-0.303903425554426,0.0797073277227072,0.000137433907446898,0.00424480824707939,0.737932128395666,0.63120171785072,0.862709670646591
HLA-C,CD8 NC,8205,3.89e-44,2.87e-26,1.35e-18,1,4.21e-18,Not colocalized,-0.312097926355005,0.0818565689155109,0.000137433907446898,0.00424480824707939,0.731909851454902,0.623418770993431,0.859281201628082
HLA-C,CD8 S100B,8205,1.03e-33,2.87e-26,3.59e-08,1,1.08e-07,Not colocalized,-0.415975249946299,0.109101355180568,0.000137433907446898,0.00424480824707939,0.659696597808559,0.532690922314791,0.816983325469566
HLA-C,DC,8205,5.03e-34,2.87e-26,1.75e-08,1,1.05e-09,Not colocalized,-0.399604960503825,0.118096758501567,0.000715139848876868,0.0188667797630779,0.67058490123959,0.532019781443712,0.845239454349288
HLA-C,Mono C,8205,8.16e-47,2.87e-26,2.84e-21,1,7.07e-14,Not colocalized,-0.587837243689112,0.0718846925209061,2.89787726920511e-16,2.5020535785705e-14,0.555527456940052,0.482520804484489,0.63958020575712
HLA-C,Mono NC,8205,2.89e-40,2.87e-26,1.01e-14,1,7.19e-14,Not colocalized,-0.659462524104763,0.0806435136311347,2.89787726920511e-16,2.5020535785705e-14,0.51712920429288,0.44152359797399,0.605681361448638
HLA-C,Plasma,8205,8.3e-29,2.86e-26,0.00289,0.997,0.00025,Not colocalized,-0.880931416827303,0.107726219647504,2.89787726920511e-16,2.5020535785705e-14,0.414396755761941,0.335519632435396,0.51181705803486
HLA-DMA,CD4 NC,8246,5.04e-20,6.01e-16,8.39e-05,1,3.88e-06,Not colocalized,1.1534368501367,0.248791228590146,3.54934999827256e-06,0.000146565006993885,3.16906581900058,1.94605849440137,5.16067641031888
HLA-DOA,CD8 S100B,8258,5.05e-30,6.83e-17,8.36e-16,0.0103,0.99,Tier 1 (Strong),-1.47727586919019,0.158216082210737,9.9029493921743e-21,1.88106523704351e-18,0.228258648628674,0.167398280911858,0.311245792907649
HLA-DOA,NK,8258,1.74e-19,6.03e-15,2.89e-05,1,4.47e-05,Not colocalized,-0.4005980985103,0.128478463757244,0.00182071991603081,0.0392333821294505,0.669919248484838,0.520786095145022,0.861758414201739
HLA-DQA1,B IN,7618,3.21e-41,4.28e-18,7.5e-24,1,7.7e-16,Not colocalized,-0.337939217875305,0.076843029411454,1.0936060284728e-05,0.000397570268150063,0.713238638740668,0.613514392455145,0.829172651935519
HLA-DQA1,DC,7618,7.03e-34,4.28e-18,1.64e-16,1,2.02e-13,Not colocalized,-0.345692964226673,0.109968483795816,0.00166903927117264,0.036440690753936,0.707729752102475,0.570506228304319,0.877959568469165
HLA-DQB1,CD8 S100B,7631,1.29e-22,5.04e-18,2.56e-05,1,9.13e-07,Not colocalized,-0.441089760494908,0.13572478580798,0.00115452238745034,0.0274986241374536,0.643334957917007,0.493066936324301,0.839398948879954
HLA-DRB1,B Mem,7533,4.41e-70,1.08e-20,4.09e-50,1,3.45e-20,Not colocalized,-0.210896696043129,0.0636077883385319,0.000914532371120123,0.022932729226966,0.809857724067541,0.714931917439186,0.917387400441034
HLA-DRB1,DC,7533,3.27e-35,1.08e-20,3.03e-15,1,2.53e-12,Not colocalized,-0.440836269140174,0.107645208499458,4.21675382410775e-05,0.00145585342348467,0.64349805843845,0.521096060117374,0.794651471977705
HLA-DRB1,NK,7533,4.16e-25,1.08e-20,3.85e-05,1,1.84e-06,Not colocalized,0.651836207737056,0.16236719415589,5.95515603146936e-05,0.00198452962838176,1.91906139115732,1.39597976212715,2.63814470878786
HLA-DRB5,CD4 SOX4,7503,7.56e-24,1.08e-20,0.000702,0.999,0.000584,Not colocalized,0.788667904380984,0.12474838364483,2.58083876785267e-10,1.34309677795511e-08,2.20046324560185,1.72316216758883,2.80997261100502
HLA-G,Mono NC,7192,1.06e-37,2.9e-28,1.09e-10,0.296,0.704,Tier 2 (Moderate),1.80336202184947,0.170516196231526,3.85463929289182e-26,2.44062911228267e-23,6.07002073987829,4.34554106664784,8.47884100448166
HMGN4,NK R,3768,3.92e-36,3.63e-17,1.63e-20,0.15,0.85,Tier 1 (Strong),-1.32813365070002,0.14275192641771,1.3552925870952e-20,2.45178882779746e-18,0.264971329159498,0.200302325462774,0.350519172028283
HSD17B8,Mono C,8292,2.25e-22,2.52e-15,4.6e-09,0.0506,0.949,Tier 1 (Strong),1.72874817043599,0.196537723103448,1.41764440874246e-18,1.58400914965077e-16,5.63359718893199,3.83256477512227,8.28098653234892
HSPA1B,Mono NC,10327,1.58e-57,2.97e-26,5.34e-32,1,8.34e-17,Not colocalized,-0.412150171610203,0.0742022999171549,2.78547225411088e-08,1.3227511366709e-06,0.662224821216944,0.572589239155047,0.76589234279526
HSPA1B,NK R,10327,3.99e-54,2.96e-26,1.35e-28,0.998,0.00203,Not colocalized,1.24388761221794,0.11495961060505,2.76131238535509e-27,2.622556437991e-24,3.46907369701783,2.76922299999159,4.34579386180799
IER3,B Mem,10661,3.9e-31,1e-27,0.000388,0.998,0.00163,Not colocalized,0.872198750254736,0.121095535458765,5.90892373153698e-13,4.08145477383799e-11,2.39216484836604,1.88674194090178,3.03298110764582
IER3,CD4 SOX4,10661,2.1e-50,1.01e-27,2.09e-23,1,3.86e-24,Not colocalized,-0.352553017851832,0.0705101449564197,5.7320645201668e-07,2.56189566024867e-05,0.702891303035866,0.612165320161107,0.80706333340385
IL12RB2,NK,4143,5.74e-07,0.0389,2.01e-07,0.0127,0.948,Tier 1 (Strong),0.499436773077474,0.124403204959063,5.95311381956875e-05,0.00198452962838176,1.64779292795108,1.29124451207778,2.10279424850097
ITPR3,Mono C,6870,7.14e-24,1.06e-10,6.71e-14,1,2.19e-05,Not colocalized,-0.368841634300539,0.0983386239859107,0.000176320433537777,0.00523313536726575,0.691534917189886,0.570304222235512,0.838535860418964
KANSL1-AS1,B Mem,3347,4.25e-86,0.115,1.39e-85,0.376,0.509,Tier 2 (Moderate),0.161329050864851,0.0466024399120339,0.000536544747172131,0.0144051837067627,1.17507156351996,1.07249559934551,1.28745813058429
KANSL1-AS1,CD4 ET,3347,5.46e-206,0.13,1.78e-205,0.425,0.445,Not colocalized,0.121313549295227,0.036006837092318,0.000753919192043068,0.0196848041963685,1.12897884739833,1.05204948122491,1.21153354535078
KANSL1-AS1,CD8 S100B,3347,1.81e-87,0.158,5.91e-87,0.517,0.324,Not colocalized,0.154839271144132,0.0459575409669376,0.000753919192043067,0.0196848041963685,1.16747029985868,1.06690559444742,1.27751406323636
KANSL1-AS1,DC,3347,2.33e-15,0.177,7.6e-15,0.578,0.245,Not colocalized,0.312487773026354,0.0942165828781896,0.00091088637882078,0.0229169361135109,1.36682122898448,1.13635215809799,1.64403284553057
KANSL1-AS1,Mono C,3347,1.24e-33,0.177,4.04e-33,0.578,0.245,Not colocalized,0.218039571569099,0.0657399909331253,0.000910886378820782,0.0229169361135109,1.24363627928432,1.09328747509779,1.41466103872983
KANSL1-AS1,NK R,3347,7.41e-21,0.176,2.42e-20,0.575,0.248,Not colocalized,0.267786129232373,0.0807388199356003,0.000910886378820782,0.0229169361135109,1.30706756657591,1.11576251614238,1.53117316532674
KANSL1-AS1,Plasma,3347,3.53e-08,0.177,1.15e-07,0.578,0.244,Not colocalized,-0.336986697970343,0.101603127862199,0.00091088637882078,0.0229169361135109,0.713918336402442,0.585008542916843,0.871234099437894
KB-1980E6.3,CD8 ET,4121,5.32e-07,0.00748,1.62e-07,0.00129,0.991,Tier 1 (Strong),-0.8345319053733,0.194926291591764,1.8583049144398e-05,0.000656716313484355,0.434077623287508,0.296239379521118,0.636051099430215
KISS1R,CD4 ET,3319,2.05e-05,0.0181,3.41e-05,0.0291,0.953,Tier 1 (Strong),0.498398426789068,0.131734738419404,0.000154732514224278,0.00474055501240349,1.64608283626761,1.27150131423198,2.13101526009155
KISS1R,CD4 NC,3319,3.31e-16,0.138,5.5e-16,0.229,0.633,Tier 2 (Moderate),0.305236970465642,0.0960267994815196,0.00147955279618232,0.0341691250619857,1.35694652115854,1.12414690741925,1.63795661326099
KISS1R,CD8 NC,3319,6.78e-08,0.037,1.13e-07,0.0606,0.902,Tier 1 (Strong),0.422654368518242,0.105892626024959,6.56986670432357e-05,0.00217034118345437,1.52600676882603,1.23999186797321,1.87799349225504
LINC00240,CD8 ET,3346,4.98e-27,2.84e-18,9.39e-11,0.0528,0.947,Tier 1 (Strong),-1.84928027689654,0.192623656454867,7.9570113793852e-22,2.01524574868563e-19,0.15735037426925,0.107870629644067,0.229526242355021
LINC00336,CD4 NC,7121,1.89e-16,1.06e-10,1.78e-06,1,1.81e-06,Not colocalized,0.441435487431196,0.129941074171018,0.000680798213790225,0.0180233617713524,1.5549377107466,1.20532709959951,2.00595447086958
LRRC37A2,CD8 NC,3560,1.24e-08,0.186,3.69e-08,0.553,0.261,Not colocalized,0.385243425726818,0.121656123188012,0.00154201159806044,0.0352897714519977,1.46997210692081,1.15811933240586,1.86579908880059
LST1,CD4 NC,8464,3.68e-35,2.87e-26,1.28e-09,1,6.38e-11,Not colocalized,-0.597220560828227,0.112704549673094,1.16443431461397e-07,5.39473897709572e-06,0.550339146481043,0.441259792570086,0.686382900162781
LST1,Mono NC,8464,1.02e-33,2.87e-26,3.54e-08,1,1.42e-09,Not colocalized,-0.613446216274178,0.115766576184121,1.16443431461397e-07,5.39473897709572e-06,0.541481587291586,0.431560009798114,0.679401016588579
LTA,CD4 SOX4,8477,2.23e-98,2.87e-26,7.78e-73,1,1.14e-17,Not colocalized,-0.408746412363597,0.058112082935941,2.0104161246318e-12,1.27292847624604e-10,0.664482715559951,0.592949469697357,0.744645710710035
LTA,NK R,8477,1.42e-35,2.87e-26,4.94e-10,1,1.98e-11,Not colocalized,-0.474974811841274,0.123885759394935,0.000126089345299013,0.00405943578636399,0.621900720801809,0.487828728824511,0.792820274168273
LY6G5B,NK,9114,4.01e-31,2.87e-26,1.4e-05,1,5.16e-06,Not colocalized,0.423609103466836,0.127604843978272,0.000901159932015521,0.0229169361135109,1.52746439653336,1.18946497986144,1.9615100252458
LY6G5C,B IN,9167,7.03e-47,2.87e-26,2.45e-21,1,0.000491,Not colocalized,-0.472511435107009,0.0691327867170363,8.20974401261872e-12,4.99021080063016e-10,0.623434585035535,0.54443228993806,0.713900863342711
LY6G5C,DC,9167,1.59e-52,2.87e-26,5.54e-27,1,1.73e-22,Not colocalized,-0.351177511191899,0.065913360208753,9.93737208766856e-08,4.66075019272258e-06,0.703858799951083,0.618555908709926,0.800925515854874
LY6G5C,Mono NC,9167,3.95e-42,2.87e-26,1.38e-16,1,4.58e-05,Not colocalized,-0.897081938617834,0.0916469538847361,1.2621157230226e-22,3.4248411655449e-20,0.407757787635829,0.340714645673358,0.487993150541186
MDC1,DC,10950,2.9e-41,1.03e-27,2.81e-14,1,1.29e-14,Not colocalized,-0.270029619045682,0.0738946164647213,0.000257931900555553,0.00739534558649468,0.763356884099586,0.660430709062777,0.882323799462873
MDH1,CD4 NC,2443,1.56e-08,0.294,8.22e-09,0.154,0.552,Tier 2 (Moderate),0.363443498076638,0.11536687941732,0.00163087314001941,0.0361175596163262,1.43827358938528,1.14720025646287,1.80319949047203
MDH1,CD8 NC,2443,0.000115,0.251,6.04e-05,0.132,0.617,Tier 2 (Moderate),0.482110333386972,0.149848450750173,0.00129394444416053,0.030250430420713,1.61948845909176,1.2073252431689,2.17235818100465
MED16,B Mem,3266,1.07e-08,0.023,1.78e-08,0.0374,0.94,Tier 1 (Strong),0.413012322174459,0.109571616224217,0.000163681911665911,0.00493513954300632,1.51136364910581,1.21926955542345,1.87343321226874
MED16,CD4 NC,3266,1.36e-93,0.00401,2.25e-93,0.00568,0.99,Tier 1 (Strong),0.19195348157301,0.0427514813747687,7.12284124788977e-06,0.000284838672639297,1.21161415326941,1.11422665139654,1.31751368050905
MED16,CD8 ET,3266,1.03e-47,0.0517,1.71e-47,0.085,0.863,Tier 1 (Strong),0.204942380384057,0.054370939184797,0.00016368191166591,0.00493513954300632,1.22745433747804,1.10337684840138,1.36548465084847
MED16,CD8 NC,3266,1.26e-34,0.0134,2.1e-34,0.0213,0.965,Tier 1 (Strong),0.237204206163053,0.0621963314367127,0.0001368476762398,0.00424480824707939,1.26769996349089,1.12220937289185,1.4320529094259
MED16,CD8 S100B,3266,6.8e-07,0.0132,1.13e-06,0.021,0.966,Tier 1 (Strong),0.567668471974895,0.124031674513447,4.72136919356768e-06,0.000192865393186705,1.7641490896845,1.38343064644577,2.24964078873807
MED16,NK,3266,8.35e-61,0.00317,1.39e-60,0.00428,0.993,Tier 1 (Strong),0.224671816208569,0.049089253597932,4.72136919356768e-06,0.000192865393186705,1.25191179160785,1.13707238871368,1.37834947847057
MICA,CD4 NC,8569,2.17e-29,2.87e-26,0.000756,0.999,0.000108,Not colocalized,-0.536219424291375,0.166611576095854,0.00128916739174554,0.0302317711187734,0.584955546052566,0.421988121503084,0.810859295372737
MICA,CD4 SOX4,8569,7.54e-45,2.87e-26,2.62e-19,1,1.01e-20,Not colocalized,0.23036008379801,0.0643384597238292,0.000343014287662387,0.00965267613947709,1.25905329300628,1.1098853289543,1.42826934754015
MICA,DC,8569,4.71e-37,2.87e-26,1.64e-11,0.998,0.00166,Not colocalized,-1.09496777928888,0.130449995873909,4.70780826671188e-17,4.58588810390729e-15,0.334550386226298,0.259071868504298,0.432018966668735
MICA,NK R,8569,3.99e-36,2.75e-26,1.39e-10,0.957,0.0431,Not colocalized,0.322538623470475,0.0866845066774594,0.000198566262893138,0.00580271717485408,1.38062821448287,1.16490203153968,1.63630435437286
MICB,DC,8567,2.31e-36,2.87e-26,8.06e-11,1,3.05e-12,Not colocalized,-0.386953037020676,0.101274604961796,0.000133003373542041,0.00424480824707939,0.679122987816573,0.556854517406722,0.828237929592025
MPV17L2,CD4 NC,3873,0.000188,0.4,4.58e-05,0.0969,0.503,Tier 2 (Moderate),-0.353658927250984,0.113615341386486,0.00185337626031032,0.0397795277566041,0.702114398609392,0.561948541544603,0.87724158404191
MSH5,B IN,10204,2.63e-31,2.93e-26,8.97e-06,1,3.73e-06,Not colocalized,-0.50202335096021,0.104687867874528,1.62326180515991e-06,6.85196844200276e-05,0.605304676035792,0.493017025035925,0.743166528182462
MSH5,CD4 ET,10204,4.06e-42,2.93e-26,1.38e-16,1,2.1e-10,Not colocalized,0.248009766030223,0.0727371491881798,0.000650412307544813,0.01727913535918,1.28147244703156,1.11120493503172,1.47782967905391
NEU1,CD4 SOX4,10356,1.02e-30,2.97e-26,3.42e-05,1,2.36e-06,Not colocalized,0.435170591777825,0.115010789680101,0.000154491011520429,0.00474055501240349,1.54522663942793,1.23336899324358,1.93593756635503
NFKBIL1,Plasma,8498,7.95e-32,2.87e-26,2.77e-06,1,5.75e-06,Not colocalized,-0.717537303173404,0.086396227427882,9.96577128689891e-17,9.46499127973224e-15,0.487952456454448,0.411941508681006,0.577988852160817
NKAPL,Mono C,3638,2.97e-28,1.4e-20,1.86e-08,0.877,0.123,Not colocalized,-0.867968320732972,0.124764334633575,3.4793424201598e-12,2.16688882855526e-10,0.41980358966748,0.328733983320461,0.536102328446836
NOTCH4,CD8 ET,10482,3.65e-27,6.2e-24,0.000588,0.999,3.39e-05,Not colocalized,0.578803881587585,0.131500099716262,1.07481733023154e-05,0.000392618368995157,1.78390339443045,1.3785933753939,2.30837560767416
NOTCH4,CD8 NC,10482,1.55e-49,6.21e-24,2.5e-26,1,9.2e-20,Not colocalized,0.410589591505338,0.101893368993188,5.58716766097934e-05,0.00188672443947204,1.50770645402913,1.23476243132813,1.84098470592113
ORMDL3,B IN,2449,1.46e-50,1.46e-05,7.24e-46,0.722,0.278,Not colocalized,-0.245435181092588,0.0567083293302983,1.50451021829445e-05,0.000539210784839679,0.782363994130296,0.700064009077498,0.874339219520927
ORMDL3,B Mem,2449,8.4e-36,2.76e-06,4.16e-31,0.136,0.864,Tier 1 (Strong),-0.323513921313627,0.0540901511977011,2.21753573626002e-09,1.08702171123249e-07,0.723601884363491,0.650814503874884,0.804529837514276
ORMDL3,CD4 ET,2449,4.18e-19,4.31e-06,2.07e-14,0.213,0.787,Tier 2 (Moderate),-0.429730576628154,0.0748912141198291,9.57649526076327e-09,4.63453573192862e-07,0.650684380689041,0.561851692477466,0.753562139157677
ORMDL3,CD8 S100B,2449,2.51e-18,5.84e-06,1.24e-13,0.289,0.711,Tier 2 (Moderate),-0.383930931946772,0.0937722139088484,4.23458287167823e-05,0.00145585342348467,0.681178473225886,0.566813773383255,0.818618273188308
PGBD1,B IN,3693,5.95e-31,1.99e-21,3.74e-11,0.124,0.876,Tier 1 (Strong),-1.50400165064613,0.146626788302232,1.09680146173115e-24,3.96833214582538e-22,0.222239055333101,0.166728230285697,0.296231763695427
PGBD1,CD8 ET,3693,4e-27,2.71e-21,2.51e-07,0.169,0.831,Tier 1 (Strong),2.04356581807832,0.197936451485923,5.46861768112505e-25,2.18687142848359e-22,7.71808146363353,5.23627502874208,11.3761750771891
PNMT,CD8 ET,2305,5.59e-28,2.01e-05,2.77e-23,0.995,0.00544,Not colocalized,0.353510696387864,0.0784610762720696,6.61996817403962e-06,0.000267121976813497,1.42405821914896,1.22106934471542,1.66079168255454
POU5F1,CD8 ET,8189,8.1e-47,2.87e-26,2.82e-21,1,6.09e-08,Not colocalized,-0.238520982415245,0.0635433111108528,0.000174260291246941,0.00519227330546767,0.78779215830153,0.695540615204728,0.892279287671373
PPT2,CD8 S100B,10683,1.43e-36,6.31e-24,2.26e-13,1,6.33e-07,Not colocalized,-0.739381243010705,0.0899182871708455,1.98784982540754e-16,1.81972084017428e-14,0.477409224443761,0.400267948108615,0.56941748311595
PRRT1,CD4 ET,10665,1.36e-27,6.17e-24,0.000215,0.98,0.0196,Not colocalized,0.691162886335853,0.114842455181987,1.76196341080882e-09,8.74993333027803e-08,1.99603534637234,1.59372122391549,2.49990841822347
PRSS16,B Mem,3253,1.04e-20,2.31e-17,0.000398,0.886,0.114,Not colocalized,-0.974765128016013,0.152680471932059,1.72130269352784e-10,9.0196261140859e-09,0.377280955884277,0.279705265617818,0.508896103040995
PRSS16,CD8 NC,3253,2.31e-21,4.81e-18,8.83e-05,0.183,0.816,Tier 1 (Strong),-1.96944659474024,0.218706545702907,2.15718385903761e-19,2.77801406118098e-17,0.139534053731576,0.090889442894499,0.214213571243538
PSMB9,CD4 ET,8029,2.72e-19,7.25e-17,0.00373,0.996,0.000169,Not colocalized,0.442307710631422,0.13417590739259,0.000979058438618727,0.0241522273267048,1.55629455514238,1.19640704007893,2.02443872463842
PSMB9,Mono NC,8029,6.98e-21,7.28e-17,9.59e-05,1,4.91e-06,Not colocalized,0.360160107916517,0.11645500932876,0.00198346250683086,0.04209594448855,1.43355892031894,1.14100367260218,1.80112582226765
R3HDM4,CD4 NC,3299,4.02e-13,0.0337,6.68e-13,0.0552,0.911,Tier 1 (Strong),0.350429722585143,0.0877006213631213,6.44898707296588e-05,0.00213971195547575,1.41967748501107,1.19546652263977,1.68593944144657
R3HDM4,CD8 ET,3299,2.77e-26,0.012,4.6e-26,0.019,0.969,Tier 1 (Strong),0.261431692768863,0.0693574781452093,0.000163681911665911,0.00493513954300632,1.29878822191458,1.13370500593464,1.48790985005255
R3HDM4,NK,3299,4.45e-24,0.0741,7.39e-24,0.122,0.803,Tier 1 (Strong),0.247991227186456,0.0687438347603982,0.000309198911004121,0.0088319297962756,1.28144869023428,1.1199155840204,1.46628082431725
RNASEH2C,B Mem,2213,2.42e-05,0.419,4.32e-06,0.0744,0.506,Tier 2 (Moderate),0.331432612170003,0.108843776660912,0.00232656767925192,0.0485639044696595,1.39296227441052,1.12535530213519,1.72420558578203
RNASEH2C,CD4 NC,2213,5.37e-27,0.328,9.59e-28,0.0579,0.614,Tier 2 (Moderate),0.190216518814673,0.0604273434834205,0.00164473224891404,0.0361175596163262,1.20951145129388,1.07441779152399,1.3615913309998
RNASEH2C,CD8 ET,2213,1.96e-10,0.431,3.5e-11,0.0764,0.493,Not colocalized,0.264230493902291,0.0867743360467847,0.00232656767925192,0.0485639044696595,1.30242836350217,1.0987276134532,1.54389461162586
RNASEH2C,CD8 NC,2213,3.48e-06,0.327,6.22e-07,0.0577,0.616,Tier 2 (Moderate),0.328108435878297,0.104232383591999,0.00164473224891404,0.0361175596163262,1.38833950994156,1.13180416312083,1.703021297916
RNASEH2C,NK,2213,7.18e-18,0.36,1.28e-18,0.0637,0.576,Tier 2 (Moderate),0.217077351926712,0.0689604025406803,0.00164473224891404,0.0361175596163262,1.24244020356447,1.08536350979081,1.4222494542228
RNASET2,CD4 SOX4,4831,1.05e-09,0.000963,3.37e-07,0.308,0.691,Tier 2 (Moderate),-0.40480210212514,0.0902249335772714,7.23728407835616e-06,0.000287899918467802,0.667108817213382,0.558979224530833,0.796155124329293
RNASET2,CD8 S100B,4831,6.67e-24,0.000529,2.14e-21,0.169,0.831,Tier 1 (Strong),-0.315492252136477,0.0635190856377298,6.80354795171987e-07,2.98805533740853e-05,0.729429722540376,0.644043080462906,0.82613684746509
RP1-265C24.8,NK,3599,7.13e-24,1.27e-20,0.000362,0.646,0.353,Not colocalized,1.0001458389035,0.14251429450927,2.25286773186447e-12,1.4146519856782e-10,2.71867828860927,2.05611405785648,3.59474787340389
RP1-30M3.5,NK,4932,1.45e-15,5.54e-08,1.05e-10,0.00302,0.997,Tier 1 (Strong),-1.09365249276738,0.177661468674966,7.46887690403809e-10,3.80862595415311e-08,0.33499070534949,0.236485361027364,0.47452735417971
RP11-367G6.3,Mono NC,4785,8.03e-18,2.54e-08,7.36e-12,0.0223,0.978,Tier 1 (Strong),1.06689325280615,0.159062571811954,1.98148591486447e-11,1.10700955743678e-09,2.9063362077815,2.12788943321682,3.96956252557372
RP11-457M11.5,B IN,3611,1.16e-20,1.92e-17,0.000187,0.308,0.692,Tier 2 (Moderate),-2.02424263471336,0.219688237357395,3.13724113045331e-20,4.9659912727468e-18,0.132093848608248,0.0858776577440595,0.203181890360135
RP11-457M11.5,CD4 ET,3611,2.18e-20,4.4e-18,0.000352,0.07,0.93,Tier 1 (Strong),0.666774405842515,0.134135448789983,6.66415274467796e-07,2.94385072988739e-05,1.94794389961982,1.49760763699018,2.53369797425183
RP11-457M11.5,CD8 S100B,3611,5.71e-28,7.71e-18,9.2e-12,0.123,0.877,Tier 1 (Strong),-1.43269583422371,0.150972911343572,2.31579464632229e-21,5.10680053278975e-19,0.238664653871681,0.177532295443356,0.320847634315996
RP11-669E14.6,CD8 ET,3369,1.04e-11,0.176,3.44e-11,0.58,0.244,Not colocalized,0.341832226831052,0.103317030977676,0.000937718022606337,0.0234367813676413,1.40752413291946,1.14950434614553,1.7234594992126
RP11-798G7.5,CD4 NC,3807,2.2e-32,0.179,7e-32,0.568,0.253,Not colocalized,-0.254009844696007,0.0772740000304119,0.00101213348964297,0.0248873471013181,0.775684165634079,0.666665482236086,0.902530490700226
RPP21,Plasma,9670,4.37e-58,9.43e-28,4.63e-31,1,1.77e-25,Not colocalized,0.199361691324965,0.0528532199374896,0.000161952292774821,0.00493513954300632,1.22062337495392,1.10050523648101,1.3538521890619
RXRB,Plasma,8306,1.1e-15,3.46e-14,0.0244,0.769,0.207,Not colocalized,-0.466950582757925,0.144895259543432,0.00126998789239973,0.0300603364687014,0.62691106986301,0.471920239652488,0.832804903231516
SAPCD1-AS1,CD4 NC,10162,2.07e-66,2.92e-26,7.1e-41,1,1.18e-17,Not colocalized,-0.527784712159546,0.0750359343534849,2.0104161246318e-12,1.27292847624604e-10,0.589910344467119,0.509230180570649,0.68337311453015
SCAND3,CD4 NC,3694,1.01e-44,3.97e-24,4.74e-23,0.0176,0.982,Tier 1 (Strong),-1.11020986622577,0.110990762823882,1.48262989346581e-23,5.12046451388782e-21,0.329489805036873,0.265072538209463,0.409561595314897
SESN3,CD4 NC,3272,5.15e-22,2.51e-08,2.16e-17,5.62e-05,1,Tier 1 (Strong),-0.60246842164822,0.0903215632212928,2.55348491576576e-11,1.40589698478175e-09,0.547458608179406,0.458635874469225,0.653483393588836
SESN3,CD8 NC,3272,1.47e-13,2.72e-08,6.16e-09,0.000143,1,Tier 1 (Strong),-0.805808225113737,0.120806096939875,2.55348491576576e-11,1.40589698478175e-09,0.446726724854869,0.352541062160355,0.566075240928347
SKIV2L,CD4 NC,10382,8.31e-30,2.98e-26,0.000279,1,1.81e-05,Not colocalized,-0.663506317369586,0.171848064416562,0.000112921373360829,0.00365096423317269,0.515042263122692,0.367758603933511,0.721311561348279
SKIV2L,CD4 SOX4,10382,1.19e-33,2.98e-26,4.01e-08,1,1.65e-09,Not colocalized,-0.263219672665352,0.0866914815839908,0.00239516268256716,0.0498587563346445,0.768573044276487,0.648472957242062,0.910916203662027
SLC44A4,CD4 ET,10415,1.18e-40,2.99e-26,3.93e-15,1,4.36e-16,Not colocalized,-0.319263369831552,0.0972679175375727,0.00102960678299772,0.0252353301200538,0.726684137422522,0.60055053375493,0.879309576630911
SLC44A4,CD8 ET,10415,1.37e-30,2.99e-26,4.57e-05,0.999,0.000959,Not colocalized,-2.27976192318611,0.230561192654326,4.69862215664157e-23,1.42800524584651e-20,0.102308561112577,0.0651109942988061,0.160756901190769
SLC44A4,NK,10415,1.5e-29,2.99e-26,0.000501,0.999,2.41e-05,Not colocalized,0.579433845611493,0.136971169489058,2.33344205332689e-05,0.000817027314339986,1.78502754344061,1.36474876044346,2.33473253333914
SPATA21,CD4 NC,3697,5.62e-08,0.0685,4.07e-08,0.0487,0.883,Tier 1 (Strong),-0.397828871911829,0.106669534018099,0.000191825528357261,0.00564918745914137,0.671776977736013,0.545037238795886,0.827988026677083
SPCS1,CD4 NC,2500,3.43e-09,0.287,2.03e-09,0.17,0.543,Tier 2 (Moderate),0.295381053180065,0.0904566295088975,0.00109292634724594,0.0263658489995078,1.34363825878087,1.12534095330288,1.60428158698121
SYNCRIP,CD4 SOX4,4581,9.93e-09,0.00825,7.36e-07,0.611,0.381,Not colocalized,-0.428099252252199,0.104893888025987,4.4792172400982e-05,0.00153302218875073,0.651746724258198,0.530629483340347,0.800509217669764
TCF19,Mono C,8178,1.33e-36,2.87e-26,4.62e-11,1,4.02e-12,Not colocalized,0.322146835029697,0.0986498596811808,0.00109248643142455,0.0263658489995078,1.38008740625555,1.13745477186489,1.67447646800273
TCF19,Mono NC,8178,2.53e-58,2.87e-26,8.82e-33,1,7.96e-26,Not colocalized,0.201773033611398,0.0636632922562838,0.00152765611671063,0.0350668615551883,1.22357026726887,1.08003449537607,1.38618183525991
THEMIS2,DC,1924,1.21e-12,0.199,1.26e-13,0.0198,0.781,Tier 2 (Moderate),0.273083113084304,0.0810473194092332,0.000753243478399188,0.0196848041963685,1.31400945166475,1.12101033897708,1.54023631988965
TNF,DC,8472,1.47e-37,2.85e-26,5.1e-12,0.992,0.00821,Not colocalized,-1.64393606429762,0.165094463397178,2.33756461096561e-23,7.40033996421531e-21,0.19321802503025,0.139802968911887,0.267041576349641
TNFRSF14,CD4 ET,3313,0.000321,0.0652,0.000197,0.0392,0.895,Tier 1 (Strong),-0.41324660758256,0.122949924812901,0.0007763359236352,0.0200632664890485,0.661499132009751,0.51984298744875,0.841756284521957
TNFRSF14,CD8 ET,3313,1.26e-07,0.0382,7.73e-08,0.0225,0.939,Tier 1 (Strong),-0.500601042561217,0.116992881182847,1.87817750253766e-05,0.000660666327050052,0.606166218504773,0.48195376648894,0.762391561193056
TNFRSF14,NK,3313,4.58e-07,0.0528,2.81e-07,0.0315,0.916,Tier 1 (Strong),-0.460432797189324,0.114077397823297,5.43368884886359e-05,0.00185135281944689,0.631010486834901,0.504582211070586,0.789116670702286
TRIM31,CD4 NC,7862,7.18e-38,9.43e-28,7.61e-11,1,5.19e-05,Not colocalized,0.314515152013541,0.10286307518487,0.00223109848969922,0.0470189919773243,1.36959510452174,1.11952392127764,1.67552538599551
TRIM39,DC,9613,2.51e-54,9.43e-28,2.66e-27,1,8.26e-10,Not colocalized,-0.610725163180583,0.0715179635995154,1.34844432604637e-17,1.38452432287843e-15,0.542956993859271,0.471941438609946,0.624658639955428
TYMP,B Mem,2673,2.52e-05,0.387,2.89e-06,0.0439,0.569,Tier 2 (Moderate),-0.343159375957993,0.10928413076349,0.00168909814982616,0.0366679078353692,0.709525121302586,0.572721183034433,0.879006945564965
TYMP,DC,2673,2.92e-09,0.24,3.35e-10,0.0268,0.734,Tier 2 (Moderate),-0.278164281230991,0.0885854906307473,0.00168909814982617,0.0366679078353692,0.757172422078798,0.636486645171843,0.900741721928646
TYMP,Mono C,2673,7.41e-15,0.133,8.51e-16,0.0145,0.852,Tier 1 (Strong),-0.26377779107981,0.0732910459749686,0.000319387613889776,0.00905487720274076,0.768144209189132,0.665359195068556,0.886807502600157
TYMP,Mono NC,2673,2.25e-07,0.174,2.58e-08,0.0192,0.807,Tier 1 (Strong),-0.334236946540102,0.0928682256194643,0.000319387613889777,0.00905487720274076,0.715884135860336,0.596749012384906,0.858803425460791
U91328.19,CD4 ET,4317,4.91e-25,5e-15,3.65e-11,0.37,0.63,Tier 2 (Moderate),-1.21409403072622,0.147326082306301,1.7097320090974e-16,1.58421265916123e-14,0.296978946253872,0.222494443205154,0.396398639208878
VARS2,CD8 S100B,9414,1.61e-36,8.26e-28,1.7e-09,0.876,0.124,Not colocalized,0.578219796896878,0.095641874736846,1.48784731232567e-09,7.43727886779633e-08,1.78286174800254,1.47810627185289,2.1504516102933
VARS2,Plasma,9414,6.32e-48,9.43e-28,6.71e-21,1,1.55e-06,Not colocalized,1.05497687531149,0.109872642680737,7.85482620096131e-22,2.01524574868563e-19,2.87190874113838,2.31550196520869,3.56201805973579
VPS52,Mono NC,8191,2.17e-19,7.7e-14,2.8e-06,0.994,0.00569,Not colocalized,0.796060743197818,0.103216831111018,1.2336793443036e-14,9.37349565801876e-13,2.2167911962871,1.81077649169612,2.71384305598809
VPS52,NK R,8191,5.56e-36,2.36e-15,7.18e-23,0.0295,0.971,Tier 1 (Strong),1.19504313386239,0.137913364892201,4.50828802156087e-18,4.82450315321402e-16,3.30370026878118,2.52119485679976,4.32907255720763
VWA7,CD4 NC,10218,5.07e-39,2.93e-26,1.73e-13,1,1.18e-07,Not colocalized,0.8410526709648,0.0969769151266541,4.21955258058479e-18,4.58002292961189e-16,2.31880663289366,1.91741498579699,2.80422560613122
XXbac-BPG181B23.7,CD4 ET,8524,2.31e-31,2.87e-26,8.05e-06,1,6.73e-07,Not colocalized,-0.425120383808257,0.120082163532803,0.000399754418445367,0.0111315306594424,0.653691086570501,0.516602569568512,0.827158171161695
XXbac-BPG181B23.7,CD8 NC,8524,5.21e-28,2.82e-26,0.0182,0.981,0.000684,Not colocalized,0.581799068102292,0.14847604370268,8.91124565134919e-05,0.00291843295081686,1.78925452764152,1.33747836297877,2.39363256505743
XXbac-BPG181B23.7,Mono C,8524,1.06e-32,2.87e-26,3.68e-07,1,3.65e-07,Not colocalized,0.559824131851932,0.109487103450974,3.16828229486033e-07,1.43289338549695e-05,1.75036463983782,1.41231388014575,2.16933106405384
XXbac-BPG252P9.10,B IN,10663,3.76e-44,1.01e-27,3.74e-17,1,1.33e-17,Not colocalized,-0.258933131810111,0.0689812207920276,0.00017426029124694,0.00519227330546767,0.771874635177755,0.674262131484711,0.883618439491588
XXbac-BPG252P9.10,CD8 ET,10663,6.92e-31,1e-27,0.000689,0.998,9e-04,Not colocalized,1.53213479854158,0.156524706587542,1.2621157230226e-22,3.4248411655449e-20,4.62804623029547,3.40534540038449,6.28976194524459
XXbac-BPG252P9.10,CD8 S100B,10663,2.29e-50,1.01e-27,2.28e-23,1,1.61e-10,Not colocalized,0.310315027904639,0.06471057288197,1.6232618051599e-06,6.85196844200276e-05,1.36385469875103,1.20139370662922,1.54828482040596
XXbac-BPG252P9.10,Mono C,10663,2.25e-30,6.6e-28,0.00223,0.656,0.341,Not colocalized,1.29167174755742,0.150864129328307,1.11098105583552e-17,1.17239361975532e-15,3.63886473698077,2.70737100201801,4.89084671593672
XXbac-BPG252P9.9,CD8 NC,10784,4.01e-49,1.02e-27,3.94e-22,0.999,0.000929,Not colocalized,-1.42215037926809,0.128675935069833,2.13940747910805e-28,4.06380450656574e-25,0.241194798544563,0.187428992492664,0.310383842282189
XXbac-BPG252P9.9,NK,10784,1.86e-37,1.02e-27,1.83e-10,1,1.09e-11,Not colocalized,-0.401388360995389,0.102493323308568,8.99410475646845e-05,0.00293292737938401,0.669390045566869,0.547564358362038,0.818320305661225
XXbac-BPG299F13.17,DC,8143,1e-28,2.85e-26,0.00348,0.992,0.00458,Not colocalized,0.439387918529221,0.119444072209628,0.000234510392276189,0.00674928015346394,1.55175712599002,1.22786579586564,1.96108580120779
XXbac-BPG299F13.17,Mono C,8143,1.35e-29,2.87e-26,0.000471,1,2.31e-05,Not colocalized,1.59344238466405,0.16778942511155,2.16689838187496e-21,5.10680053278975e-19,4.92065860654401,3.54158763633005,6.83673075706977
XXbac-BPG299F13.17,Mono NC,8143,8.46e-29,2.85e-26,0.00295,0.993,0.00361,Not colocalized,0.938657337868148,0.117463693480553,1.33802684623568e-15,1.08152425294667e-13,2.55654653468076,2.03079734890435,3.21840590717455
XXbac-BPG299F13.17,NK R,8143,3.07e-30,2.87e-26,0.000107,1,5.57e-06,Not colocalized,0.672506400909395,0.133904061617827,5.10562876086018e-07,2.29541818491217e-05,1.95914156626902,1.50689981871464,2.54710739825889
YWHAB,B Mem,3592,1.5e-05,0.181,2.4e-06,0.0283,0.791,Tier 2 (Moderate),-0.48294097676553,0.139126489541232,0.000518067112545385,0.0141183439646656,0.616966237641798,0.46971511973738,0.81037914768998
YWHAB,CD4 NC,3592,3.47e-08,0.413,5.57e-09,0.0659,0.521,Tier 2 (Moderate),-0.308523403717993,0.100657702270995,0.00217615440852908,0.0460568835543286,0.734530761247211,0.603015426195058,0.894729082840881
YWHAB,CD8 ET,3592,1.08e-21,0.421,1.73e-22,0.0672,0.511,Tier 2 (Moderate),-0.210082775005675,0.0689309195398707,0.00230577625907492,0.0483958232498653,0.810517152631491,0.708087661479578,0.927763736677972
ZBTB22,DC,7988,1.5e-24,2.54e-15,1.21e-11,0.0195,0.98,Tier 1 (Strong),-1.59692784171047,0.178608831815696,3.85932654489005e-19,4.80707591607781e-17,0.202517729797944,0.142701370273356,0.287407407538894
ZBTB22,Plasma,7988,3.17e-21,1.24e-13,2.57e-08,1,0.000138,Not colocalized,-0.351372498605004,0.080630002653368,1.31353481777427e-05,0.000475249406926139,0.703721569724008,0.6008515957511,0.824203599019759
ZBTB9,B IN,7225,2.88e-28,2.23e-14,6.12e-17,0.00375,0.996,Tier 1 (Strong),-1.24840028162827,0.168546173872919,1.29311163124969e-13,9.63241389630897e-12,0.286963490639928,0.206232566702374,0.399296998902668
ZBTB9,B Mem,7225,7.61e-34,1.43e-14,1.62e-22,0.00204,0.998,Tier 1 (Strong),-1.19169112093422,0.13702875986211,3.41826666780838e-18,3.76405654232001e-16,0.303707223892964,0.232174162094965,0.397279684407964
ZFP36L1,B IN,3319,0.000987,0.178,0.000319,0.0569,0.763,Tier 2 (Moderate),0.41840017906473,0.118581623993072,0.000418122812430651,0.0115945150687886,1.51952863629582,1.20439840828151,1.91711252742153
ZFP57,B IN,7169,1.37e-86,9.75e-28,1.41e-59,1,1.74e-17,Not colocalized,-0.322106017086709,0.0446863250302018,5.6714493862351e-13,3.95336444372608e-11,0.724621364011544,0.66385520758798,0.790949766124057
ZFP57,B Mem,7169,1.66e-55,9.75e-28,1.7e-28,1,1.31e-09,Not colocalized,-0.509459747220166,0.0638812073289512,1.52243391957193e-15,1.21762662325342e-13,0.600820085868024,0.530112032030125,0.680959408146287
ZFP57,CD4 ET,7169,5.2e-52,9.75e-28,5.34e-25,1,3.24e-15,Not colocalized,-0.453040605297131,0.0623045188503931,3.55800708832209e-13,2.50312387565474e-11,0.635692320626783,0.562616271011246,0.718259935457478
ZFP57,CD4 NC,7169,2.58e-52,9.75e-28,2.64e-25,1,5.89e-23,Not colocalized,0.364058043635284,0.0648126406309365,1.94207075855171e-08,9.33914786295943e-07,1.43915774568109,1.26747314388035,1.63409775343485
ZFP57,CD8 S100B,7169,1.33e-108,9.75e-28,1.36e-81,1,2.76e-18,Not colocalized,-0.291462585465907,0.040083462581538,3.55800708832209e-13,2.50312387565474e-11,0.74716996809626,0.690716252888181,0.808237766073448
ZKSCAN3,Mono C,3666,7.71e-27,1.58e-20,4.88e-07,0.999,0.000813,Not colocalized,0.879162707770168,0.11528489252517,2.42147919236309e-14,1.82162365381928e-12,2.40888192368091,1.92168867634807,3.01959011033149
ZKSCAN4,CD8 S100B,3661,2.89e-28,1.32e-20,1.81e-08,0.824,0.176,Not colocalized,-1.24723118194148,0.136734465825456,7.4052878993866e-20,1.12530754919079e-17,0.287299175753403,0.219757473265854,0.375599587863527
ZKSCAN4,Mono C,3661,3.01e-34,1.6e-20,1.89e-14,1,4.17e-05,Not colocalized,0.722412235564857,0.10406860696271,3.87430693626181e-12,2.39325073997701e-10,2.0593949695599,1.67940198026672,2.52536777405434
ZKSCAN8,Mono NC,3638,1.81e-24,1.57e-20,9.26e-05,0.801,0.199,Not colocalized,1.17092705034658,0.14527068058688,7.60997926458899e-16,6.21727123143527e-14,3.22498097287489,2.42588526716449,4.28730180119432
ZNF165,CD4 ET,3556,2.46e-26,1.98e-20,1.24e-06,1,4.36e-07,Not colocalized,-0.878201212907801,0.124758915062053,1.93366056421688e-12,1.24508075990846e-10,0.415529689274768,0.325390692966735,0.530638787159278
ZNF165,NK,3556,6.59e-27,1.96e-20,3.33e-07,0.989,0.0111,Not colocalized,0.894864723375762,0.124675969804892,7.09853757575757e-13,4.77298128323947e-11,2.44700474453016,1.91649849884389,3.1243605060819
ZNF322,DC,3704,1.32e-26,5.91e-19,2.11e-10,0.00842,0.992,Tier 1 (Strong),-1.65629323856145,0.166085849357979,2.01076348842144e-23,6.64251347175047e-21,0.190845087818857,0.137817972648255,0.264275020483321
ZNF391,CD4 ET,3248,2.24e-41,1.76e-18,1.85e-24,0.145,0.855,Tier 1 (Strong),-1.03097799460257,0.110103649164312,7.6989204922344e-21,1.49990763846146e-18,0.356657980366823,0.287428499529243,0.442561942074919
ZNF85,B Mem,4948,1.06e-15,0.261,1.25e-15,0.306,0.433,Not colocalized,-0.4208890192843,0.129500293549329,0.00115364073169729,0.0274986241374536,0.65646295209484,0.509304303832672,0.846141696094238
ZNRD1-AS1,Mono NC,7808,1.79e-35,9.43e-28,1.89e-08,1,4.32e-06,Not colocalized,-0.352729208548438,0.107540579940911,0.00103820409406557,0.025364227352766,0.70276747103689,0.569208348821477,0.867664923345114
ZNRD1-AS1,NK R,7808,1.32e-75,9.43e-28,1.4e-48,1,3.16e-27,Not colocalized,0.184379456391836,0.0547571980173121,0.000759304703021017,0.0196920430158724,1.20247202223183,1.08010185651594,1.33870611880479
ZSCAN12,CD8 S100B,3743,1.98e-29,9.58e-22,2.07e-08,1,5.24e-07,Not colocalized,0.691023639434192,0.106920006181942,1.02649580709657e-10,5.41619107105539e-09,1.99575742398512,1.61843628565688,2.46104695667714
ZSCAN12,Mono C,3743,4.82e-36,2.05e-24,5.03e-15,0.00115,0.999,Tier 1 (Strong),1.61205545215882,0.145198042904811,1.22037973465115e-28,4.06380450656574e-25,5.01310484236401,3.77147921062092,6.66349163207928
ZSCAN16,NK R,3594,9.54e-25,2.08e-21,4.84e-05,0.105,0.895,Tier 1 (Strong),-2.50017022791864,0.237285800205772,5.86187952740162e-26,2.96923737661317e-23,0.0820710266546749,0.0515475603094995,0.130668714013048
ZSCAN31,CD8 NC,3711,1.86e-25,9.01e-21,1.17e-05,0.57,0.43,Not colocalized,-1.42808677097927,0.160624117248865,6.06369520091764e-19,6.98059941463216e-17,0.239767213286777,0.175010371554855,0.328485198086035
ZSCAN9,CD8 NC,3660,1.89e-33,1.68e-20,1.12e-13,1,1.03e-12,Not colocalized,0.446838356030318,0.0923285065428247,1.30063032497365e-06,5.58315774528235e-05,1.56336157089059,1.30457130280311,1.87348855220554
