cell_type,gene,nsnps,PP.H0,PP.H1,PP.H2,PP.H3,PP.H4,tier
CD4 NC,MPV17L2,3873,0.000188,0.4,4.58e-05,0.0969,0.503,Tier 2 (Moderate)
CD4 NC,SPCS1,2500,3.43e-09,0.287,2.03e-09,0.17,0.543,Tier 2 (Moderate)
CD4 NC,RNASEH2C,2213,5.37e-27,0.328,9.59e-28,0.0579,0.614,Tier 2 (Moderate)
CD4 NC,CTSH,4185,7.52e-05,0.172,6.99e-05,0.159,0.669,Tier 2 (Moderate)
CD4 NC,C21orf91,4242,1.11e-05,0.262,3.99e-06,0.0935,0.644,Tier 2 (Moderate)
CD4 NC,R3HDM4,3299,4.02e-13,0.0337,6.68e-13,0.0552,0.911,Tier 1 (Strong)
CD4 NC,SCAND3,3694,1.01e-44,3.97e-24,4.74e-23,0.0176,0.982,Tier 1 (Strong)
CD4 NC,LST1,8464,3.68e-35,2.87e-26,1.28e-09,1,6.38e-11,Not colocalized
CD4 NC,C19orf83,3718,1.32e-27,0.387,1.46e-28,0.0422,0.57,Tier 2 (Moderate)
CD4 NC,HLA-B,8444,6.99e-101,2.87e-26,2.44e-75,1,4.7e-24,Not colocalized
CD4 NC,EVI2A,2798,1.68e-38,0.353,3.75e-39,0.0782,0.569,Tier 2 (Moderate)
CD4 NC,SAPCD1-AS1,10162,2.07e-66,2.92e-26,7.1e-41,1,1.18e-17,Not colocalized
CD4 NC,HCG15,6002,2.43e-56,1.62e-23,1.66e-34,0.109,0.891,Tier 1 (Strong)
CD4 NC,HIST1H3B,4298,4.05e-25,1.03e-15,3e-11,0.0756,0.924,Tier 1 (Strong)
CD4 NC,HIST1H4I,3235,4.39e-26,7.29e-18,9.35e-10,0.154,0.846,Tier 1 (Strong)
CD4 NC,ACAP1,3598,2.95e-06,0.158,6.12e-06,0.328,0.514,Tier 2 (Moderate)
CD4 NC,LINC00336,7121,1.89e-16,1.06e-10,1.78e-06,1,1.81e-06,Not colocalized
CD4 NC,MICA,8569,2.17e-29,2.87e-26,0.000756,0.999,0.000108,Not colocalized
CD4 NC,GSDMA,2568,2.67e-16,2.01e-05,1.32e-11,0.998,0.00179,Not colocalized
CD4 NC,HLA-C,8205,1.58e-45,2.87e-26,5.52e-20,1,2.81e-20,Not colocalized
CD4 NC,ZFP57,7169,2.58e-52,9.75e-28,2.64e-25,1,5.89e-23,Not colocalized
CD4 NC,SESN3,3272,5.15e-22,2.51e-08,2.16e-17,5.62e-05,1,Tier 1 (Strong)
CD4 NC,SKIV2L,10382,8.31e-30,2.98e-26,0.000279,1,1.81e-05,Not colocalized
CD4 NC,YWHAB,3592,3.47e-08,0.413,5.57e-09,0.0659,0.521,Tier 2 (Moderate)
CD4 NC,RP11-798G7.5,3807,2.2e-32,0.179,7e-32,0.568,0.253,Not colocalized
CD4 NC,HIST1H2BE,4077,1.01e-22,5.01e-16,8.06e-09,0.0391,0.961,Tier 1 (Strong)
CD4 NC,VWA7,10218,5.07e-39,2.93e-26,1.73e-13,1,1.18e-07,Not colocalized
CD4 NC,ARID5B,3536,8.74e-05,0.0446,0.00123,0.628,0.326,Not colocalized
CD4 NC,MED16,3266,1.36e-93,0.00401,2.25e-93,0.00568,0.99,Tier 1 (Strong)
CD4 NC,SPATA21,3697,5.62e-08,0.0685,4.07e-08,0.0487,0.883,Tier 1 (Strong)
CD4 NC,BTN3A2,4004,1.78e-76,7.65e-16,2.32e-61,1,3.95e-08,Not colocalized
CD4 NC,CDK5R1,3451,3.17e-20,0.401,3.84e-21,0.0481,0.551,Tier 2 (Moderate)
CD4 NC,MDH1,2443,1.56e-08,0.294,8.22e-09,0.154,0.552,Tier 2 (Moderate)
CD4 NC,HLA-DMA,8246,5.04e-20,6.01e-16,8.39e-05,1,3.88e-06,Not colocalized
CD4 NC,HLA-A,7289,1.52e-41,9.75e-28,1.56e-14,1,1.29e-15,Not colocalized
CD4 NC,KISS1R,3319,3.31e-16,0.138,5.5e-16,0.229,0.633,Tier 2 (Moderate)
CD4 NC,ALDH7A1,3867,0.00293,0.0628,0.000405,0.00777,0.926,Tier 1 (Strong)
CD4 NC,TRIM31,7862,7.18e-38,9.43e-28,7.61e-11,1,5.19e-05,Not colocalized
CD4 NC,EGFL8,10626,9.82e-30,6.29e-24,1.56e-06,1,7.23e-08,Not colocalized
CD4 NC,BTN2A1,3883,1.53e-40,2.45e-16,6.23e-25,1,1.8e-12,Not colocalized
CD4 ET,ZNF165,3556,2.46e-26,1.98e-20,1.24e-06,1,4.36e-07,Not colocalized
CD4 ET,EEF1D,3340,0.000521,0.311,0.000388,0.231,0.457,Not colocalized
CD4 ET,HIST1H2BG,4105,2e-18,4.03e-15,0.00016,0.323,0.677,Tier 2 (Moderate)
CD4 ET,HIST1H4B,4300,1.89e-22,1.84e-16,1.4e-08,0.0127,0.987,Tier 1 (Strong)
CD4 ET,ZFP57,7169,5.2e-52,9.75e-28,5.34e-25,1,3.24e-15,Not colocalized
CD4 ET,XXbac-BPG181B23.7,8524,2.31e-31,2.87e-26,8.05e-06,1,6.73e-07,Not colocalized
CD4 ET,C19orf83,3718,0.00505,0.387,0.000559,0.0423,0.565,Tier 2 (Moderate)
CD4 ET,TNFRSF14,3313,0.000321,0.0652,0.000197,0.0392,0.895,Tier 1 (Strong)
CD4 ET,HLA-B,8444,9.49e-90,2.87e-26,3.3e-64,1,4.7e-24,Not colocalized
CD4 ET,HLA-A,7289,1.01e-36,9.75e-28,1.04e-09,1,4.43e-11,Not colocalized
CD4 ET,PRRT1,10665,1.36e-27,6.17e-24,0.000215,0.98,0.0196,Not colocalized
CD4 ET,MSH5,10204,4.06e-42,2.93e-26,1.38e-16,1,2.1e-10,Not colocalized
CD4 ET,PSMB9,8029,2.72e-19,7.25e-17,0.00373,0.996,0.000169,Not colocalized
CD4 ET,HCG25,8152,1.72e-51,3.78e-15,2.22e-38,0.0479,0.952,Tier 1 (Strong)
CD4 ET,KISS1R,3319,2.05e-05,0.0181,3.41e-05,0.0291,0.953,Tier 1 (Strong)
CD4 ET,FKBPL,10546,5.97e-28,6.16e-24,9.64e-05,0.995,0.00453,Not colocalized
CD4 ET,ORMDL3,2449,4.18e-19,4.31e-06,2.07e-14,0.213,0.787,Tier 2 (Moderate)
CD4 ET,HLA-C,8205,1.02e-39,2.87e-26,3.54e-14,1,8.6e-15,Not colocalized
CD4 ET,SLC44A4,10415,1.18e-40,2.99e-26,3.93e-15,1,4.36e-16,Not colocalized
CD4 ET,HIST1H2BH,4072,3.04e-33,3.38e-16,2.46e-19,0.0264,0.974,Tier 1 (Strong)
CD4 ET,KANSL1-AS1,3347,5.46e-206,0.13,1.78e-205,0.425,0.445,Not colocalized
CD4 ET,BCAS4,4011,0.00018,0.0249,0.000607,0.0829,0.891,Tier 1 (Strong)
CD4 ET,BTN3A2,4004,1.03e-43,7.65e-16,1.35e-28,1,4.03e-08,Not colocalized
CD4 ET,ZNF391,3248,2.24e-41,1.76e-18,1.85e-24,0.145,0.855,Tier 1 (Strong)
CD4 ET,U91328.19,4317,4.91e-25,5e-15,3.65e-11,0.37,0.63,Tier 2 (Moderate)
CD4 ET,RP11-457M11.5,3611,2.18e-20,4.4e-18,0.000352,0.07,0.93,Tier 1 (Strong)
CD4 SOX4,SYNCRIP,4581,9.93e-09,0.00825,7.36e-07,0.611,0.381,Not colocalized
CD4 SOX4,BTN2A1,3883,4.41e-21,1.09e-17,1.8e-05,0.0436,0.956,Tier 1 (Strong)
CD4 SOX4,NEU1,10356,1.02e-30,2.97e-26,3.42e-05,1,2.36e-06,Not colocalized
CD4 SOX4,RNASET2,4831,1.05e-09,0.000963,3.37e-07,0.308,0.691,Tier 2 (Moderate)
CD4 SOX4,AGPAT1,10636,1.35e-38,6.3e-24,2.14e-15,1,1.79e-07,Not colocalized
CD4 SOX4,HLA-B,8444,5.61e-43,2.87e-26,1.95e-17,1,8.73e-19,Not colocalized
CD4 SOX4,DXO,10351,3.72e-34,5.99e-24,6.21e-11,1,1.61e-11,Not colocalized
CD4 SOX4,LTA,8477,2.23e-98,2.87e-26,7.78e-73,1,1.14e-17,Not colocalized
CD4 SOX4,IER3,10661,2.1e-50,1.01e-27,2.09e-23,1,3.86e-24,Not colocalized
CD4 SOX4,SKIV2L,10382,1.19e-33,2.98e-26,4.01e-08,1,1.65e-09,Not colocalized
CD4 SOX4,MICA,8569,7.54e-45,2.87e-26,2.62e-19,1,1.01e-20,Not colocalized
CD4 SOX4,HLA-DRB5,7503,7.56e-24,1.08e-20,0.000702,0.999,0.000584,Not colocalized
CD8 NC,MDH1,2443,0.000115,0.251,6.04e-05,0.132,0.617,Tier 2 (Moderate)
CD8 NC,MED16,3266,1.26e-34,0.0134,2.1e-34,0.0213,0.965,Tier 1 (Strong)
CD8 NC,RNASEH2C,2213,3.48e-06,0.327,6.22e-07,0.0577,0.616,Tier 2 (Moderate)
CD8 NC,EEF1D,3340,0.000126,0.318,9.42e-05,0.237,0.445,Not colocalized
CD8 NC,HIST1H2AD,4086,3.38e-18,1.25e-14,0.000271,0.999,0.00045,Not colocalized
CD8 NC,LRRC37A2,3560,1.24e-08,0.186,3.69e-08,0.553,0.261,Not colocalized
CD8 NC,C6orf25,9831,1.14e-29,2.87e-26,0.000396,0.999,0.00037,Not colocalized
CD8 NC,C19orf83,3718,1.39e-10,0.387,1.53e-11,0.0422,0.57,Tier 2 (Moderate)
CD8 NC,NOTCH4,10482,1.55e-49,6.21e-24,2.5e-26,1,9.2e-20,Not colocalized
CD8 NC,HLA-B,8444,3.64e-97,2.87e-26,1.27e-71,1,4.7e-24,Not colocalized
CD8 NC,HLA-A,7289,2.26e-34,9.75e-28,2.32e-07,1,1.04e-08,Not colocalized
CD8 NC,EVI2A,2798,2.98e-13,0.357,6.65e-14,0.079,0.564,Tier 2 (Moderate)
CD8 NC,XXbac-BPG181B23.7,8524,5.21e-28,2.82e-26,0.0182,0.981,0.000684,Not colocalized
CD8 NC,KISS1R,3319,6.78e-08,0.037,1.13e-07,0.0606,0.902,Tier 1 (Strong)
CD8 NC,HIST1H3I,3351,7.43e-33,2.22e-21,3.06e-13,0.0904,0.91,Tier 1 (Strong)
CD8 NC,HFE,4222,3.6e-18,1.62e-15,0.000285,0.127,0.872,Tier 1 (Strong)
CD8 NC,BTN2A1,3883,7.8e-22,2.45e-16,3.18e-06,1,9.89e-06,Not colocalized
CD8 NC,HLA-C,8205,3.89e-44,2.87e-26,1.35e-18,1,4.21e-18,Not colocalized
CD8 NC,SESN3,3272,1.47e-13,2.72e-08,6.16e-09,0.000143,1,Tier 1 (Strong)
CD8 NC,BTN3A1,3950,2.1e-22,2.54e-16,8.25e-07,1,4.1e-08,Not colocalized
CD8 NC,HIST1H2BB,4286,5.86e-24,3.15e-16,4.35e-10,0.0224,0.978,Tier 1 (Strong)
CD8 NC,PRSS16,3253,2.31e-21,4.81e-18,8.83e-05,0.183,0.816,Tier 1 (Strong)
CD8 NC,BTN3A2,4004,3.43e-54,7.65e-16,4.48e-39,1,3.97e-08,Not colocalized
CD8 NC,HIST1H2BO,3393,3.23e-64,2.34e-20,1.38e-44,1,4.67e-16,Not colocalized
CD8 NC,CRHR1,3694,1.6e-09,0.121,5.41e-09,0.409,0.47,Not colocalized
CD8 NC,HIST1H2BI,4067,1.62e-21,6.98e-16,1.31e-07,0.0556,0.944,Tier 1 (Strong)
CD8 NC,XXbac-BPG252P9.9,10784,4.01e-49,1.02e-27,3.94e-22,0.999,0.000929,Not colocalized
CD8 NC,ZSCAN9,3660,1.89e-33,1.68e-20,1.12e-13,1,1.03e-12,Not colocalized
CD8 NC,HIST1H3H,3228,3.79e-23,1.32e-20,0.000748,0.26,0.739,Tier 2 (Moderate)
CD8 NC,ZSCAN31,3711,1.86e-25,9.01e-21,1.17e-05,0.57,0.43,Not colocalized
CD8 NC,DDR1,9425,3.56e-42,9.43e-28,3.78e-15,1,8.5e-12,Not colocalized
CD8 NC,HIST1H2BL,3219,5.52e-61,5.26e-20,1.05e-41,1,5.63e-08,Not colocalized
CD8 ET,CFD,3222,2.11e-40,0.0593,3.51e-40,0.0976,0.843,Tier 1 (Strong)
CD8 ET,R3HDM4,3299,2.77e-26,0.012,4.6e-26,0.019,0.969,Tier 1 (Strong)
CD8 ET,MED16,3266,1.03e-47,0.0517,1.71e-47,0.085,0.863,Tier 1 (Strong)
CD8 ET,PNMT,2305,5.59e-28,2.01e-05,2.77e-23,0.995,0.00544,Not colocalized
CD8 ET,XXbac-BPG252P9.10,10663,6.92e-31,1e-27,0.000689,0.998,9e-04,Not colocalized
CD8 ET,HIST1H4I,3235,1.05e-71,6.4e-18,2.23e-55,0.135,0.865,Tier 1 (Strong)
CD8 ET,HCG14,5360,9.11e-59,1.47e-22,6.2e-37,1,3.71e-19,Not colocalized
CD8 ET,KB-1980E6.3,4121,5.32e-07,0.00748,1.62e-07,0.00129,0.991,Tier 1 (Strong)
CD8 ET,C6orf47-AS1,9072,6.37e-68,2.87e-26,2.22e-42,1,6.97e-20,Not colocalized
CD8 ET,C19orf83,3718,4.29e-34,0.387,4.75e-35,0.0422,0.57,Tier 2 (Moderate)
CD8 ET,RP11-669E14.6,3369,1.04e-11,0.176,3.44e-11,0.58,0.244,Not colocalized
CD8 ET,HLA-B,8444,7.52e-111,2.87e-26,2.62e-85,1,4.7e-24,Not colocalized
CD8 ET,EVI2A,2798,4.58e-15,0.35,1.02e-15,0.0775,0.573,Tier 2 (Moderate)
CD8 ET,PGBD1,3693,4e-27,2.71e-21,2.51e-07,0.169,0.831,Tier 1 (Strong)
CD8 ET,SLC44A4,10415,1.37e-30,2.99e-26,4.57e-05,0.999,0.000959,Not colocalized
CD8 ET,POU5F1,8189,8.1e-47,2.87e-26,2.82e-21,1,6.09e-08,Not colocalized
CD8 ET,RNASEH2C,2213,1.96e-10,0.431,3.5e-11,0.0764,0.493,Not colocalized
CD8 ET,HIST1H2AH,3226,3.76e-23,4.84e-18,8.01e-07,0.102,0.898,Tier 1 (Strong)
CD8 ET,HIST1H3H,3228,7.81e-26,2.85e-21,1.54e-06,0.0554,0.945,Tier 1 (Strong)
CD8 ET,HIST1H2BM,3254,4.02e-29,4.86e-20,8.27e-10,1,1.93e-07,Not colocalized
CD8 ET,BTN2A1,3883,2.57e-20,2.45e-16,0.000105,1,5.45e-05,Not colocalized
CD8 ET,TNFRSF14,3313,1.26e-07,0.0382,7.73e-08,0.0225,0.939,Tier 1 (Strong)
CD8 ET,HIST1H4F,4082,3.23e-38,5.03e-16,2.59e-24,0.0393,0.961,Tier 1 (Strong)
CD8 ET,BTN3A1,3950,2.62e-21,2.54e-16,1.03e-05,1,4.27e-07,Not colocalized
CD8 ET,YWHAB,3592,1.08e-21,0.421,1.73e-22,0.0672,0.511,Tier 2 (Moderate)
CD8 ET,BCAS4,4011,2.62e-07,0.0278,8.83e-07,0.0927,0.879,Tier 1 (Strong)
CD8 ET,LINC00240,3346,4.98e-27,2.84e-18,9.39e-11,0.0528,0.947,Tier 1 (Strong)
CD8 ET,BTN3A2,4004,1.27e-63,7.65e-16,1.66e-48,1,3.96e-08,Not colocalized
CD8 ET,HIST1H2BI,4067,3.58e-25,3.24e-16,2.9e-11,0.0253,0.975,Tier 1 (Strong)
CD8 ET,HIST1H2AI,3226,4.98e-29,5.07e-20,9.83e-10,1,1.73e-05,Not colocalized
CD8 ET,HIST1H2BL,3219,2.26e-26,3.53e-21,4.28e-07,0.0662,0.934,Tier 1 (Strong)
CD8 ET,HIST1H3J,3392,4.84e-25,1.91e-21,2.07e-05,0.0809,0.919,Tier 1 (Strong)
CD8 ET,NOTCH4,10482,3.65e-27,6.2e-24,0.000588,0.999,3.39e-05,Not colocalized
CD8 ET,HIST1H4B,4300,7.89e-21,1.97e-15,5.85e-07,0.145,0.855,Tier 1 (Strong)
CD8 S100B,PPT2,10683,1.43e-36,6.31e-24,2.26e-13,1,6.33e-07,Not colocalized
CD8 S100B,RNASET2,4831,6.67e-24,0.000529,2.14e-21,0.169,0.831,Tier 1 (Strong)
CD8 S100B,ORMDL3,2449,2.51e-18,5.84e-06,1.24e-13,0.289,0.711,Tier 2 (Moderate)
CD8 S100B,HIST1H3D,4089,6.18e-25,1.25e-14,4.95e-11,1,1.77e-08,Not colocalized
CD8 S100B,HIST1H4H,4061,1.87e-40,5.62e-16,1.52e-26,0.0449,0.955,Tier 1 (Strong)
CD8 S100B,HIST1H2AG,3234,1.65e-24,4.45e-18,3.51e-08,0.0939,0.906,Tier 1 (Strong)
CD8 S100B,CTLA4,2494,1.12e-25,0.0788,6.18e-25,0.433,0.489,Not colocalized
CD8 S100B,ZFP57,7169,1.33e-108,9.75e-28,1.36e-81,1,2.76e-18,Not colocalized
CD8 S100B,HLA-B,8444,4.59e-84,2.87e-26,1.6e-58,1,4.7e-24,Not colocalized
CD8 S100B,HCG27,8151,1.85e-70,2.87e-26,6.44e-45,1,8.36e-09,Not colocalized
CD8 S100B,HLA-DQB1,7631,1.29e-22,5.04e-18,2.56e-05,1,9.13e-07,Not colocalized
CD8 S100B,XXbac-BPG252P9.10,10663,2.29e-50,1.01e-27,2.28e-23,1,1.61e-10,Not colocalized
CD8 S100B,MED16,3266,6.8e-07,0.0132,1.13e-06,0.021,0.966,Tier 1 (Strong)
CD8 S100B,CFD,3222,8.42e-08,0.0185,1.4e-07,0.0298,0.952,Tier 1 (Strong)
CD8 S100B,ATP6V1G2,8498,6.35e-79,2.87e-26,2.21e-53,1,1.19e-07,Not colocalized
CD8 S100B,FKBPL,10546,1.17e-39,6.18e-24,1.88e-16,0.999,0.00132,Not colocalized
CD8 S100B,APOM,9043,1.18e-38,2.79e-26,4.12e-13,0.972,0.0278,Not colocalized
CD8 S100B,RP11-457M11.5,3611,5.71e-28,7.71e-18,9.2e-12,0.123,0.877,Tier 1 (Strong)
CD8 S100B,HIST1H2BG,4105,1.95e-18,1.25e-15,0.000156,0.0992,0.901,Tier 1 (Strong)
CD8 S100B,HLA-C,8205,1.03e-33,2.87e-26,3.59e-08,1,1.08e-07,Not colocalized
CD8 S100B,HLA-DOA,8258,5.05e-30,6.83e-17,8.36e-16,0.0103,0.99,Tier 1 (Strong)
CD8 S100B,HIST1H2BF,4089,2.92e-26,5.17e-16,2.34e-12,0.0405,0.96,Tier 1 (Strong)
CD8 S100B,KANSL1-AS1,3347,1.81e-87,0.158,5.91e-87,0.517,0.324,Not colocalized
CD8 S100B,HIST1H2AB,4301,3.96e-26,2.35e-16,2.94e-12,0.0165,0.984,Tier 1 (Strong)
CD8 S100B,BTN3A2,4004,6.69e-35,7.65e-16,8.75e-20,1,4.43e-08,Not colocalized
CD8 S100B,ZSCAN12,3743,1.98e-29,9.58e-22,2.07e-08,1,5.24e-07,Not colocalized
CD8 S100B,HLA-A,7289,4.06e-30,9.7e-28,0.00417,0.996,0.000324,Not colocalized
CD8 S100B,HIST1H2AK,3298,2.12e-34,3.09e-20,6.85e-15,0.999,0.000668,Not colocalized
CD8 S100B,ZKSCAN4,3661,2.89e-28,1.32e-20,1.81e-08,0.824,0.176,Not colocalized
CD8 S100B,VARS2,9414,1.61e-36,8.26e-28,1.7e-09,0.876,0.124,Not colocalized
CD8 S100B,ABHD16A,9496,5.27e-75,2.87e-26,1.83e-49,1,1.99e-22,Not colocalized
NK,CFD,3222,1.24e-21,0.0288,2.06e-21,0.0469,0.924,Tier 1 (Strong)
NK,RNASEH2C,2213,7.18e-18,0.36,1.28e-18,0.0637,0.576,Tier 2 (Moderate)
NK,HIST1H3H,3228,3.43e-33,5.07e-20,6.77e-14,1,2.57e-14,Not colocalized
NK,HIST1H2BL,3219,1.41e-32,2.31e-21,2.68e-13,0.043,0.957,Tier 1 (Strong)
NK,ZNF165,3556,6.59e-27,1.96e-20,3.33e-07,0.989,0.0111,Not colocalized
NK,HCG17,9594,3.5e-57,9.43e-28,3.71e-30,1,1.07e-19,Not colocalized
NK,HIST1H2BB,4286,1.76e-18,4.39e-16,0.000131,0.0316,0.968,Tier 1 (Strong)
NK,R3HDM4,3299,4.45e-24,0.0741,7.39e-24,0.122,0.803,Tier 1 (Strong)
NK,APC2,3860,1.34e-33,0.22,2.53e-33,0.414,0.366,Not colocalized
NK,HIST1H2BO,3393,3.61e-49,2.34e-20,1.54e-29,1,4.69e-13,Not colocalized
NK,IL12RB2,4143,5.74e-07,0.0389,2.01e-07,0.0127,0.948,Tier 1 (Strong)
NK,TNFRSF14,3313,4.58e-07,0.0528,2.81e-07,0.0315,0.916,Tier 1 (Strong)
NK,SLC44A4,10415,1.5e-29,2.99e-26,0.000501,0.999,2.41e-05,Not colocalized
NK,C19orf83,3718,1.1e-42,0.387,1.21e-43,0.0422,0.57,Tier 2 (Moderate)
NK,GTF2H4,9398,1.02e-41,8.64e-28,1.08e-14,0.917,0.0834,Not colocalized
NK,C5orf56,2810,1.41e-06,0.447,5.26e-07,0.166,0.387,Not colocalized
NK,HLA-B,8444,5.88e-106,2.87e-26,2.05e-80,1,4.7e-24,Not colocalized
NK,EVI2A,2798,3.13e-18,0.331,6.99e-19,0.0734,0.595,Tier 2 (Moderate)
NK,MED16,3266,8.35e-61,0.00317,1.39e-60,0.00428,0.993,Tier 1 (Strong)
NK,C2,10526,2.64e-79,3.01e-26,8.72e-54,0.995,0.00511,Not colocalized
NK,LY6G5B,9114,4.01e-31,2.87e-26,1.4e-05,1,5.16e-06,Not colocalized
NK,RP1-30M3.5,4932,1.45e-15,5.54e-08,1.05e-10,0.00302,0.997,Tier 1 (Strong)
NK,ACAP1,3598,0.0018,0.158,0.00372,0.327,0.51,Tier 2 (Moderate)
NK,BTN3A1,3950,2.36e-19,2.54e-16,0.000927,0.999,4.64e-05,Not colocalized
NK,HIST1H2BI,4067,4.06e-22,3.77e-16,3.29e-08,0.0296,0.97,Tier 1 (Strong)
NK,BTN3A2,4004,2.93e-67,7.65e-16,3.83e-52,1,3.96e-08,Not colocalized
NK,HIST1H4K,3292,2.8e-22,3.86e-20,0.00617,0.849,0.145,Not colocalized
NK,RP1-265C24.8,3599,7.13e-24,1.27e-20,0.000362,0.646,0.353,Not colocalized
NK,HLA-DOA,8258,1.74e-19,6.03e-15,2.89e-05,1,4.47e-05,Not colocalized
NK,HLA-DRB1,7533,4.16e-25,1.08e-20,3.85e-05,1,1.84e-06,Not colocalized
NK,HIST1H2AJ,3251,5.23e-35,4.86e-20,1.07e-15,1,1.83e-05,Not colocalized
NK,HCG27,8151,1.05e-33,2.87e-26,3.67e-08,1,1.56e-07,Not colocalized
NK,XXbac-BPG252P9.9,10784,1.86e-37,1.02e-27,1.83e-10,1,1.09e-11,Not colocalized
NK R,HSPA1B,10327,3.99e-54,2.96e-26,1.35e-28,0.998,0.00203,Not colocalized
NK R,BTN3A2,4004,3.62e-21,7.64e-16,4.73e-06,1,3.46e-05,Not colocalized
NK R,C19orf83,3718,0.0011,0.387,0.000121,0.0422,0.57,Tier 2 (Moderate)
NK R,C6orf136,11101,2.62e-33,1.05e-27,2.5e-06,1,1.76e-06,Not colocalized
NK R,ZNRD1-AS1,7808,1.32e-75,9.43e-28,1.4e-48,1,3.16e-27,Not colocalized
NK R,HLA-B,8444,4.32e-65,2.87e-26,1.5e-39,1,4.7e-24,Not colocalized
NK R,ZSCAN16,3594,9.54e-25,2.08e-21,4.84e-05,0.105,0.895,Tier 1 (Strong)
NK R,XXbac-BPG299F13.17,8143,3.07e-30,2.87e-26,0.000107,1,5.57e-06,Not colocalized
NK R,HMGN4,3768,3.92e-36,3.63e-17,1.63e-20,0.15,0.85,Tier 1 (Strong)
NK R,KANSL1-AS1,3347,7.41e-21,0.176,2.42e-20,0.575,0.248,Not colocalized
NK R,APOM,9043,9.8e-32,2.87e-26,3.41e-06,1,2.99e-07,Not colocalized
NK R,HIST1H2BC,4108,1.13e-27,3.42e-16,8.96e-14,0.0262,0.974,Tier 1 (Strong)
NK R,HIST1H4E,4091,6.13e-34,1.25e-14,4.91e-20,1,3.94e-11,Not colocalized
NK R,MICA,8569,3.99e-36,2.75e-26,1.39e-10,0.957,0.0431,Not colocalized
NK R,CCHCR1,8249,8.19e-46,2.79e-26,2.85e-20,0.971,0.0295,Not colocalized
NK R,LTA,8477,1.42e-35,2.87e-26,4.94e-10,1,1.98e-11,Not colocalized
NK R,VPS52,8191,5.56e-36,2.36e-15,7.18e-23,0.0295,0.971,Tier 1 (Strong)
NK R,DHX16,11121,1.12e-31,1.05e-27,0.000107,1,6.21e-06,Not colocalized
B IN,ZFP36L1,3319,0.000987,0.178,0.000319,0.0569,0.763,Tier 2 (Moderate)
B IN,FKBPL,10546,1.53e-28,6.19e-24,2.46e-05,1,3.65e-06,Not colocalized
B IN,HIST1H4I,3235,7.6e-34,6.24e-18,1.62e-17,0.132,0.868,Tier 1 (Strong)
B IN,CTA-14H9.5,3776,1.4e-31,2.22e-16,5.83e-16,0.921,0.079,Not colocalized
B IN,ZFP57,7169,1.37e-86,9.75e-28,1.41e-59,1,1.74e-17,Not colocalized
B IN,ZBTB9,7225,2.88e-28,2.23e-14,6.12e-17,0.00375,0.996,Tier 1 (Strong)
B IN,HLA-C,8205,4.59e-50,2.87e-26,1.6e-24,1,7.08e-14,Not colocalized
B IN,LY6G5C,9167,7.03e-47,2.87e-26,2.45e-21,1,0.000491,Not colocalized
B IN,HLA-B,8444,4.39e-82,2.87e-26,1.53e-56,1,4.7e-24,Not colocalized
B IN,ABHD16A,9496,1.4e-50,2.87e-26,4.87e-25,0.999,0.00087,Not colocalized
B IN,HLA-A,7289,3.74e-47,9.75e-28,3.84e-20,1,1.64e-21,Not colocalized
B IN,MSH5,10204,2.63e-31,2.93e-26,8.97e-06,1,3.73e-06,Not colocalized
B IN,EVI2A,2798,3.59e-22,0.356,8.02e-23,0.0788,0.566,Tier 2 (Moderate)
B IN,PGBD1,3693,5.95e-31,1.99e-21,3.74e-11,0.124,0.876,Tier 1 (Strong)
B IN,HIST1H2AM,3391,5.77e-35,1.92e-21,2.47e-15,0.0814,0.919,Tier 1 (Strong)
B IN,ATP6V1G2,8498,1.23e-48,2.86e-26,4.28e-23,0.997,0.00314,Not colocalized
B IN,HCG23,8261,4.38e-29,1.25e-25,6.03e-06,0.0162,0.984,Tier 1 (Strong)
B IN,XXbac-BPG252P9.10,10663,3.76e-44,1.01e-27,3.74e-17,1,1.33e-17,Not colocalized
B IN,HIST1H2BG,4105,1.12e-21,1.59e-15,8.94e-08,0.127,0.873,Tier 1 (Strong)
B IN,ACAP1,3598,3.16e-05,0.165,6.55e-05,0.342,0.493,Not colocalized
B IN,CTSH,4185,4.69e-06,0.0507,4.36e-06,0.0462,0.903,Tier 1 (Strong)
B IN,HIST1H2BJ,3245,3.6e-34,2.75e-18,7.67e-18,0.0576,0.942,Tier 1 (Strong)
B IN,GTF2H4,9398,3.49e-56,9.43e-28,3.7e-29,1,5.7e-27,Not colocalized
B IN,HLA-DQA1,7618,3.21e-41,4.28e-18,7.5e-24,1,7.7e-16,Not colocalized
B IN,BCAS4,4011,1.61e-07,0.00794,5.42e-07,0.0258,0.966,Tier 1 (Strong)
B IN,BTN3A2,4004,2.64e-28,7.65e-16,3.45e-13,1,5.34e-08,Not colocalized
B IN,HIST1H2AB,4301,3.39e-23,2.58e-16,2.52e-09,0.0181,0.982,Tier 1 (Strong)
B IN,RP11-457M11.5,3611,1.16e-20,1.92e-17,0.000187,0.308,0.692,Tier 2 (Moderate)
B IN,ORMDL3,2449,1.46e-50,1.46e-05,7.24e-46,0.722,0.278,Not colocalized
B IN,HCG27,8151,7.25e-32,2.87e-26,2.53e-06,1,9.22e-08,Not colocalized
B IN,HIST1H1B,3332,3.52e-68,2.79e-20,1.26e-48,1,5.91e-11,Not colocalized
B Mem,ZFP57,7169,1.66e-55,9.75e-28,1.7e-28,1,1.31e-09,Not colocalized
B Mem,MED16,3266,1.07e-08,0.023,1.78e-08,0.0374,0.94,Tier 1 (Strong)
B Mem,KANSL1-AS1,3347,4.25e-86,0.115,1.39e-85,0.376,0.509,Tier 2 (Moderate)
B Mem,TYMP,2673,2.52e-05,0.387,2.89e-06,0.0439,0.569,Tier 2 (Moderate)
B Mem,IER3,10661,3.9e-31,1e-27,0.000388,0.998,0.00163,Not colocalized
B Mem,YWHAB,3592,1.5e-05,0.181,2.4e-06,0.0283,0.791,Tier 2 (Moderate)
B Mem,HLA-C,8205,1.73e-53,2.87e-26,6.01e-28,1,7.07e-14,Not colocalized
B Mem,C19orf83,3718,0.00864,0.385,0.000955,0.042,0.563,Tier 2 (Moderate)
B Mem,HLA-B,8444,1.05e-89,2.87e-26,3.67e-64,1,4.7e-24,Not colocalized
B Mem,EVI2A,2798,1.78e-09,0.321,3.97e-10,0.071,0.609,Tier 2 (Moderate)
B Mem,HLA-A,7289,5.66e-40,9.75e-28,5.8e-13,1,5.65e-14,Not colocalized
B Mem,HCG25,8152,2.57e-38,7.75e-14,3.31e-25,1,2.02e-06,Not colocalized
B Mem,ATP6V1G2,8498,5.68e-36,2.87e-26,1.98e-10,1,1.25e-11,Not colocalized
B Mem,RNASEH2C,2213,2.42e-05,0.419,4.32e-06,0.0744,0.506,Tier 2 (Moderate)
B Mem,CTSH,4185,6.89e-07,0.21,6.4e-07,0.194,0.596,Tier 2 (Moderate)
B Mem,HIST1H2BG,4105,4.98e-31,1.22e-14,3.99e-17,0.981,0.0193,Not colocalized
B Mem,HIST1H4E,4091,1.87e-32,1.11e-14,1.49e-18,0.892,0.108,Not colocalized
B Mem,BCAS4,4011,3.15e-07,0.0139,1.06e-06,0.0459,0.94,Tier 1 (Strong)
B Mem,BTN3A2,4004,3.63e-31,7.65e-16,4.74e-16,1,4.24e-08,Not colocalized
B Mem,ZNF85,4948,1.06e-15,0.261,1.25e-15,0.306,0.433,Not colocalized
B Mem,ORMDL3,2449,8.4e-36,2.76e-06,4.16e-31,0.136,0.864,Tier 1 (Strong)
B Mem,ZBTB9,7225,7.61e-34,1.43e-14,1.62e-22,0.00204,0.998,Tier 1 (Strong)
B Mem,HLA-DRB1,7533,4.41e-70,1.08e-20,4.09e-50,1,3.45e-20,Not colocalized
B Mem,PRSS16,3253,1.04e-20,2.31e-17,0.000398,0.886,0.114,Not colocalized
B Mem,HIST1H4J,3274,2.39e-22,4.66e-20,0.0051,0.994,0.00121,Not colocalized
Mono C,TCF19,8178,1.33e-36,2.87e-26,4.62e-11,1,4.02e-12,Not colocalized
Mono C,NKAPL,3638,2.97e-28,1.4e-20,1.86e-08,0.877,0.123,Not colocalized
Mono C,HLA-C,8205,8.16e-47,2.87e-26,2.84e-21,1,7.07e-14,Not colocalized
Mono C,CTSH,4185,2.34e-11,0.216,2.18e-11,0.2,0.584,Tier 2 (Moderate)
Mono C,XXbac-BPG252P9.10,10663,2.25e-30,6.6e-28,0.00223,0.656,0.341,Not colocalized
Mono C,HLA-B,8444,2.91e-84,2.87e-26,1.01e-58,1,4.7e-24,Not colocalized
Mono C,XXbac-BPG299F13.17,8143,1.35e-29,2.87e-26,0.000471,1,2.31e-05,Not colocalized
Mono C,HSD17B8,8292,2.25e-22,2.52e-15,4.6e-09,0.0506,0.949,Tier 1 (Strong)
Mono C,ZKSCAN3,3666,7.71e-27,1.58e-20,4.88e-07,0.999,0.000813,Not colocalized
Mono C,TYMP,2673,7.41e-15,0.133,8.51e-16,0.0145,0.852,Tier 1 (Strong)
Mono C,ZSCAN12,3743,4.82e-36,2.05e-24,5.03e-15,0.00115,0.999,Tier 1 (Strong)
Mono C,XXbac-BPG181B23.7,8524,1.06e-32,2.87e-26,3.68e-07,1,3.65e-07,Not colocalized
Mono C,KANSL1-AS1,3347,1.24e-33,0.177,4.04e-33,0.578,0.245,Not colocalized
Mono C,HIST1H3D,4089,1.54e-20,2.83e-16,1.23e-06,0.0217,0.978,Tier 1 (Strong)
Mono C,HIST1H4A,4315,3.38e-32,1.46e-16,2.51e-18,0.00982,0.99,Tier 1 (Strong)
Mono C,ZKSCAN4,3661,3.01e-34,1.6e-20,1.89e-14,1,4.17e-05,Not colocalized
Mono C,HLA-A,7289,2.23e-37,9.75e-28,2.29e-10,1,2.28e-11,Not colocalized
Mono C,ABHD16A,9496,1.6e-85,2.87e-26,5.58e-60,1,1.18e-24,Not colocalized
Mono C,FKBPL,10546,1.93e-41,6.19e-24,3.11e-18,1,7.18e-07,Not colocalized
Mono C,ITPR3,6870,7.14e-24,1.06e-10,6.71e-14,1,2.19e-05,Not colocalized
Mono C,HCG27,8151,1.19e-102,2.87e-26,4.14e-77,1,6.89e-26,Not colocalized
Mono NC,TCF19,8178,2.53e-58,2.87e-26,8.82e-33,1,7.96e-26,Not colocalized
Mono NC,HIST1H3D,4089,2.58e-18,1.25e-14,0.000206,1,6.49e-05,Not colocalized
Mono NC,CTSH,4185,3.91e-13,0.196,3.63e-13,0.182,0.622,Tier 2 (Moderate)
Mono NC,LY6G5C,9167,3.95e-42,2.87e-26,1.38e-16,1,4.58e-05,Not colocalized
Mono NC,HIST1H4J,3274,6.45e-23,2.64e-20,0.00138,0.562,0.436,Not colocalized
Mono NC,RP11-367G6.3,4785,8.03e-18,2.54e-08,7.36e-12,0.0223,0.978,Tier 1 (Strong)
Mono NC,HLA-C,8205,2.89e-40,2.87e-26,1.01e-14,1,7.19e-14,Not colocalized
Mono NC,LST1,8464,1.02e-33,2.87e-26,3.54e-08,1,1.42e-09,Not colocalized
Mono NC,HLA-B,8444,1.02e-101,2.87e-26,3.56e-76,1,4.7e-24,Not colocalized
Mono NC,FKBPL,10546,1.84e-32,6.19e-24,2.98e-09,1,2.3e-06,Not colocalized
Mono NC,HLA-G,7192,1.06e-37,2.9e-28,1.09e-10,0.296,0.704,Tier 2 (Moderate)
Mono NC,TYMP,2673,2.25e-07,0.174,2.58e-08,0.0192,0.807,Tier 1 (Strong)
Mono NC,ABHD16A,9496,6.01e-40,2.87e-26,2.09e-14,1,2.82e-10,Not colocalized
Mono NC,XXbac-BPG299F13.17,8143,8.46e-29,2.85e-26,0.00295,0.993,0.00361,Not colocalized
Mono NC,AGER,10548,1.19e-40,2.28e-25,1.9e-17,0.0357,0.964,Tier 1 (Strong)
Mono NC,VPS52,8191,2.17e-19,7.7e-14,2.8e-06,0.994,0.00569,Not colocalized
Mono NC,HLA-A,7289,1.02e-39,9.75e-28,1.05e-12,1,1.53e-13,Not colocalized
Mono NC,ZNRD1-AS1,7808,1.79e-35,9.43e-28,1.89e-08,1,4.32e-06,Not colocalized
Mono NC,HSPA1B,10327,1.58e-57,2.97e-26,5.34e-32,1,8.34e-17,Not colocalized
Mono NC,PSMB9,8029,6.98e-21,7.28e-17,9.59e-05,1,4.91e-06,Not colocalized
Mono NC,ZKSCAN8,3638,1.81e-24,1.57e-20,9.26e-05,0.801,0.199,Not colocalized
DC,ZNF322,3704,1.32e-26,5.91e-19,2.11e-10,0.00842,0.992,Tier 1 (Strong)
DC,TYMP,2673,2.92e-09,0.24,3.35e-10,0.0268,0.734,Tier 2 (Moderate)
DC,MICB,8567,2.31e-36,2.87e-26,8.06e-11,1,3.05e-12,Not colocalized
DC,HLA-C,8205,5.03e-34,2.87e-26,1.75e-08,1,1.05e-09,Not colocalized
DC,APOM,9043,7.33e-36,2.83e-26,2.55e-10,0.987,0.0131,Not colocalized
DC,TRIM39,9613,2.51e-54,9.43e-28,2.66e-27,1,8.26e-10,Not colocalized
DC,HLA-B,8444,1.81e-59,2.87e-26,6.31e-34,1,4.7e-24,Not colocalized
DC,B3GALT4,8071,3.47e-20,9.24e-15,3.92e-07,0.103,0.897,Tier 1 (Strong)
DC,TNF,8472,1.47e-37,2.85e-26,5.1e-12,0.992,0.00821,Not colocalized
DC,MDC1,10950,2.9e-41,1.03e-27,2.81e-14,1,1.29e-14,Not colocalized
DC,C6orf136,11101,3.35e-40,1.05e-27,3.2e-13,1,6.3e-11,Not colocalized
DC,XXbac-BPG299F13.17,8143,1e-28,2.85e-26,0.00348,0.992,0.00458,Not colocalized
DC,LY6G5C,9167,1.59e-52,2.87e-26,5.54e-27,1,1.73e-22,Not colocalized
DC,CTSH,4185,1.53e-06,0.22,1.42e-06,0.204,0.575,Tier 2 (Moderate)
DC,HCG11,3785,1.32e-28,6.73e-18,5.48e-13,0.027,0.973,Tier 1 (Strong)
DC,MICA,8569,4.71e-37,2.87e-26,1.64e-11,0.998,0.00166,Not colocalized
DC,THEMIS2,1924,1.21e-12,0.199,1.26e-13,0.0198,0.781,Tier 2 (Moderate)
DC,HLA-A,7289,4.42e-37,9.75e-28,4.54e-10,1,2.32e-11,Not colocalized
DC,KANSL1-AS1,3347,2.33e-15,0.177,7.6e-15,0.578,0.245,Not colocalized
DC,HLA-DQA1,7618,7.03e-34,4.28e-18,1.64e-16,1,2.02e-13,Not colocalized
DC,AGER,10548,1.16e-44,6.24e-24,1.85e-21,1,3.2e-07,Not colocalized
DC,ZBTB22,7988,1.5e-24,2.54e-15,1.21e-11,0.0195,0.98,Tier 1 (Strong)
DC,HLA-DRB1,7533,3.27e-35,1.08e-20,3.03e-15,1,2.53e-12,Not colocalized
DC,HIST1H2BN,3322,4.09e-27,1.09e-20,1.43e-07,0.38,0.62,Tier 2 (Moderate)
Plasma,HIST1H2BN,3322,1.79e-27,2.29e-21,6.25e-08,0.079,0.921,Tier 1 (Strong)
Plasma,HLA-C,8205,8.3e-29,2.86e-26,0.00289,0.997,0.00025,Not colocalized
Plasma,CCHCR1,8249,6.07e-61,2.87e-26,2.11e-35,1,7.79e-17,Not colocalized
Plasma,RPP21,9670,4.37e-58,9.43e-28,4.63e-31,1,1.77e-25,Not colocalized
Plasma,APOM,9043,9.18e-37,2.79e-26,3.2e-11,0.971,0.0293,Not colocalized
Plasma,NFKBIL1,8498,7.95e-32,2.87e-26,2.77e-06,1,5.75e-06,Not colocalized
Plasma,EHMT2,10459,1.18e-28,2.38e-26,0.00393,0.792,0.204,Not colocalized
Plasma,DXO,10351,1.04e-27,6.66e-25,0.000174,0.11,0.889,Tier 1 (Strong)
Plasma,CTSH,4185,5.16e-08,0.0724,4.79e-08,0.0664,0.861,Tier 1 (Strong)
Plasma,VARS2,9414,6.32e-48,9.43e-28,6.71e-21,1,1.55e-06,Not colocalized
Plasma,KANSL1-AS1,3347,3.53e-08,0.177,1.15e-07,0.578,0.244,Not colocalized
Plasma,DDX39B,8514,2.4e-31,2.86e-26,8.35e-06,0.996,0.00422,Not colocalized
Plasma,C6orf136,11101,1.11e-30,1.05e-27,0.00106,0.999,4e-04,Not colocalized
Plasma,HLA-A,7289,2.94e-29,9.44e-28,0.0302,0.968,0.0013,Not colocalized
Plasma,RXRB,8306,1.1e-15,3.46e-14,0.0244,0.769,0.207,Not colocalized
Plasma,ZBTB22,7988,3.17e-21,1.24e-13,2.57e-08,1,0.000138,Not colocalized
Plasma,AIF1,8774,6.72e-30,2.86e-26,0.000234,0.997,0.003,Not colocalized
