gene,cell_type,tier,PP.H4,b,se,pval,fdr,or,or_lci,or_uci,n_drugs,approved_drugs,drug_mechanisms,indications,direction
HCG23,B IN,Tier 1 (Strong),0.984,-2.61722229336485,0.231444380497041,1.19498847794118e-29,9.07952245539705e-26,0.0730053689436547,0.046381561548855,0.114911695868306,0,,,,Protective (↑ expression → ↓ MG risk)
ZSCAN12,Mono C,Tier 1 (Strong),0.999,1.61205545215882,0.145198042904811,1.22037973465115e-28,4.06380450656574e-25,5.01310484236401,3.77147921062092,6.66349163207928,0,,,,Risk (↑ expression → ↑ MG risk)
AGER,Mono NC,Tier 1 (Strong),0.964,1.58287894621115,0.143218629671846,2.13940747910805e-28,4.06380450656574e-25,4.86895310693835,3.67726927559568,6.44682305832072,1,Azeliragon (Phase 3),RAGE antagonist,Alzheimer disease; COVID-19; Diabetic nephropathy; Glioblastoma,Risk (↑ expression → ↑ MG risk)
DXO,Plasma,Tier 1 (Strong),0.889,2.24790593286338,0.205041317806652,5.74414020429183e-28,8.52709509543469e-25,9.46788866844643,6.33458910108524,14.1510229641792,0,,,,Risk (↑ expression → ↑ MG risk)
HIST1H3J,CD8 ET,Tier 1 (Strong),0.919,-2.7390418164477,0.257714692087645,2.20337217304336e-26,1.52192925188941e-23,0.0646322467885225,0.0390012097953709,0.107107634528514,0,,,,Protective (↑ expression → ↓ MG risk)
HIST1H2AM,B IN,Tier 1 (Strong),0.919,1.5659814323471,0.148623942934958,5.86187952740162e-26,2.96923737661317e-23,4.78737111189557,3.57755105753604,6.40631588324476,0,,,,Risk (↑ expression → ↑ MG risk)
ZSCAN16,NK R,Tier 1 (Strong),0.895,-2.50017022791864,0.237285800205772,5.86187952740162e-26,2.96923737661317e-23,0.0820710266546749,0.0515475603094995,0.130668714013048,0,,,,Protective (↑ expression → ↓ MG risk)
HIST1H2BL,CD8 ET,Tier 1 (Strong),0.934,2.13794891081832,0.205782285624652,2.77169295698182e-25,1.27374414259935e-22,8.48202239052409,5.66674926236868,12.6959391535314,0,,,,Risk (↑ expression → ↑ MG risk)
HIST1H2BL,NK,Tier 1 (Strong),0.957,-1.57922996505213,0.152123102123275,3.01755653682393e-25,1.27374414259935e-22,0.20613376731143,0.152988695611153,0.277740324906106,0,,,,Protective (↑ expression → ↓ MG risk)
HIST1H2BN,Plasma,Tier 1 (Strong),0.921,-1.62040687914272,0.156089566821859,3.01755653682393e-25,1.27374414259935e-22,0.197818194609492,0.145680060231294,0.268616295575587,0,,,,Protective (↑ expression → ↓ MG risk)
PGBD1,CD8 ET,Tier 1 (Strong),0.831,2.04356581807832,0.197936451485923,5.46861768112505e-25,2.18687142848359e-22,7.71808146363353,5.23627502874208,11.3761750771891,0,,,,Risk (↑ expression → ↑ MG risk)
HCG15,CD4 NC,Tier 1 (Strong),0.891,-0.939336815069642,0.0913408859121304,8.33228674921682e-25,3.16543573602747e-22,0.390886979773147,0.326813714299058,0.467522090631594,0,,,,Protective (↑ expression → ↓ MG risk)
PGBD1,B IN,Tier 1 (Strong),0.876,-1.50400165064613,0.146626788302232,1.09680146173115e-24,3.96833214582538e-22,0.222239055333101,0.166728230285697,0.296231763695427,0,,,,Protective (↑ expression → ↓ MG risk)
SCAND3,CD4 NC,Tier 1 (Strong),0.982,-1.11020986622577,0.110990762823882,1.48262989346581e-23,5.12046451388782e-21,0.329489805036873,0.265072538209463,0.409561595314897,0,,,,Protective (↑ expression → ↓ MG risk)
ZNF322,DC,Tier 1 (Strong),0.992,-1.65629323856145,0.166085849357979,2.01076348842144e-23,6.64251347175047e-21,0.190845087818857,0.137817972648255,0.264275020483321,0,,,,Protective (↑ expression → ↓ MG risk)
LINC00240,CD8 ET,Tier 1 (Strong),0.947,-1.84928027689654,0.192623656454867,7.9570113793852e-22,2.01524574868563e-19,0.15735037426925,0.107870629644067,0.229526242355021,0,,,,Protective (↑ expression → ↓ MG risk)
HIST1H2BJ,B IN,Tier 1 (Strong),0.942,-1.48164753252405,0.1550140227353,1.19878510924237e-21,2.93818363226565e-19,0.227262956664611,0.167717373457328,0.307949322167757,0,,,,Protective (↑ expression → ↓ MG risk)
RP11-457M11.5,CD8 S100B,Tier 1 (Strong),0.877,-1.43269583422371,0.150972911343572,2.31579464632229e-21,5.10680053278975e-19,0.238664653871681,0.177532295443356,0.320847634315996,0,,,,Protective (↑ expression → ↓ MG risk)
HIST1H2AG,CD8 S100B,Tier 1 (Strong),0.906,-2.02612200182822,0.213609227105851,2.41964752803932e-21,5.10680053278975e-19,0.131845828906134,0.0867438212951018,0.200398395417786,0,,,,Protective (↑ expression → ↓ MG risk)
HIST1H4I,CD8 ET,Tier 1 (Strong),0.865,-0.929976885746951,0.0980452527594409,2.41964752803932e-21,5.10680053278975e-19,0.394562830291304,0.32558048532499,0.478160805283175,0,,,,Protective (↑ expression → ↓ MG risk)
HIST1H4I,B IN,Tier 1 (Strong),0.868,-1.46839857198139,0.154809771455645,2.41964752803936e-21,5.10680053278975e-19,0.230293989288536,0.170022291503936,0.311931576932077,0,,,,Protective (↑ expression → ↓ MG risk)
BTN2A1,CD4 SOX4,Tier 1 (Strong),0.956,-2.24721908825965,0.239636011650879,6.74689557527611e-21,1.3854841238094e-18,0.105692738431799,0.066078908279799,0.16905477478398,0,,,,Protective (↑ expression → ↓ MG risk)
HIST1H2AH,CD8 ET,Tier 1 (Strong),0.898,2.15200952085673,0.229560412635049,6.9517519971098e-21,1.3899845177379e-18,8.60212719437195,5.48529629873386,13.4899900093334,0,,,,Risk (↑ expression → ↑ MG risk)
ZNF391,CD4 ET,Tier 1 (Strong),0.855,-1.03097799460257,0.110103649164312,7.6989204922344e-21,1.49990763846146e-18,0.356657980366823,0.287428499529243,0.442561942074919,0,,,,Protective (↑ expression → ↓ MG risk)
HLA-DOA,CD8 S100B,Tier 1 (Strong),0.99,-1.47727586919019,0.158216082210737,9.9029493921743e-21,1.88106523704351e-18,0.228258648628674,0.167398280911858,0.311245792907649,0,,,,Protective (↑ expression → ↓ MG risk)
HCG11,DC,Tier 1 (Strong),0.973,1.65503267222465,0.17788804772757,1.3552925870952e-20,2.45178882779746e-18,5.233250901334,3.69275243994858,7.41639615481359,0,,,,Risk (↑ expression → ↑ MG risk)
HMGN4,NK R,Tier 1 (Strong),0.85,-1.32813365070002,0.14275192641771,1.3552925870952e-20,2.45178882779746e-18,0.264971329159498,0.200302325462774,0.350519172028283,0,,,,Protective (↑ expression → ↓ MG risk)
HIST1H4I,CD4 NC,Tier 1 (Strong),0.846,1.82959004903353,0.196844858394436,1.47790178515063e-20,2.61141808455221e-18,6.2313315944255,4.23665535498168,9.1651291375466,0,,,,Risk (↑ expression → ↑ MG risk)
HIST1H3H,CD8 ET,Tier 1 (Strong),0.945,-2.22530093981322,0.239539534271165,1.54417480713398e-20,2.66650913286454e-18,0.108034901739109,0.0675559978680513,0.172768375305115,0,,,,Protective (↑ expression → ↓ MG risk)
HIST1H4B,CD4 ET,Tier 1 (Strong),0.987,-1.67717706583466,0.181478278807895,2.42495866436914e-20,4.09440798486149e-18,0.186900840806297,0.130958540278357,0.266740330335475,0,,,,Protective (↑ expression → ↓ MG risk)
HIST1H2AB,B IN,Tier 1 (Strong),0.982,-1.61742139186803,0.175536493773113,3.13724113045331e-20,4.9659912727468e-18,0.198409660780247,0.140651100503766,0.279886850155705,0,,,,Protective (↑ expression → ↓ MG risk)
HIST1H4A,Mono C,Tier 1 (Strong),0.99,-1.19588117563413,0.129787320481546,3.13724113045336e-20,4.9659912727468e-18,0.302437336319197,0.234508293782698,0.390043102205196,0,,,,Protective (↑ expression → ↓ MG risk)
HIST1H2BF,CD8 S100B,Tier 1 (Strong),0.96,-1.63800302303571,0.181070511198298,1.48008011236593e-19,2.12182050825594e-17,0.19436780301263,0.136299415995997,0.277175383121715,0,,,,Protective (↑ expression → ↓ MG risk)
HIST1H2BH,CD4 ET,Tier 1 (Strong),0.974,1.36893297977337,0.151326579351722,1.48008011236593e-19,2.12182050825594e-17,3.93115383614461,2.92218868230669,5.28849166277504,0,,,,Risk (↑ expression → ↑ MG risk)
HIST1H4F,CD8 ET,Tier 1 (Strong),0.961,1.23928475061983,0.136994816346011,1.48008011236595e-19,2.12182050825594e-17,3.45314272307747,2.63998942265903,4.51675850046878,0,,,,Risk (↑ expression → ↑ MG risk)
HIST1H3I,CD8 NC,Tier 1 (Strong),0.91,-1.49513275286498,0.165342083954541,1.52900600706612e-19,2.15136808179414e-17,0.224218837061705,0.162154898433004,0.310037423347249,0,,,,Protective (↑ expression → ↓ MG risk)
HIST1H2BE,CD4 NC,Tier 1 (Strong),0.961,-1.59825261014255,0.177089661502378,1.79524787144741e-19,2.43576666558172e-17,0.202249618334585,0.142937422886945,0.286173538673905,0,,,,Protective (↑ expression → ↓ MG risk)
HIST1H2AB,CD8 S100B,Tier 1 (Strong),0.984,-1.39172386689452,0.154205853898872,1.79524787144744e-19,2.43576666558172e-17,0.248646301837867,0.183788922436589,0.336391239461011,0,,,,Protective (↑ expression → ↓ MG risk)
HIST1H2BB,CD8 NC,Tier 1 (Strong),0.978,-1.49601458075466,0.166132040417775,2.15718385903761e-19,2.77801406118098e-17,0.224021201790747,0.161761317336177,0.310244128066005,0,,,,Protective (↑ expression → ↓ MG risk)
HIST1H3D,Mono C,Tier 1 (Strong),0.978,1.78913540435804,0.198683033663846,2.15718385903761e-19,2.77801406118098e-17,5.98427624987252,4.05405112266946,8.83352507188109,0,,,,Risk (↑ expression → ↑ MG risk)
PRSS16,CD8 NC,Tier 1 (Strong),0.816,-1.96944659474024,0.218706545702907,2.15718385903761e-19,2.77801406118098e-17,0.139534053731576,0.090889442894499,0.214213571243538,0,,,,Protective (↑ expression → ↓ MG risk)
HIST1H2BB,NK,Tier 1 (Strong),0.968,2.10805745592442,0.234864857041489,2.81763144630743e-19,3.5680606215073e-17,8.23223426458974,5.19513357333327,13.0448389883465,0,,,,Risk (↑ expression → ↑ MG risk)
ZBTB22,DC,Tier 1 (Strong),0.98,-1.59692784171047,0.178608831815696,3.85932654489005e-19,4.80707591607781e-17,0.202517729797944,0.142701370273356,0.287407407538894,0,,,,Protective (↑ expression → ↓ MG risk)
HIST1H2BC,NK R,Tier 1 (Strong),0.974,1.28502605302475,0.143947657442859,4.37571398873656e-19,5.27724998197157e-17,3.61476213147797,2.72614533010255,4.79303327041469,0,,,,Risk (↑ expression → ↑ MG risk)
HIST1H2BI,NK,Tier 1 (Strong),0.97,1.57974350729383,0.176961686263284,4.37571398873663e-19,5.27724998197157e-17,4.85371071016959,3.43116070611321,6.8660461213727,0,,,,Risk (↑ expression → ↑ MG risk)
HIST1H2BI,CD8 ET,Tier 1 (Strong),0.975,1.69353109440458,0.189895929328601,4.73900533704619e-19,5.53953270013491e-17,5.43865122967162,3.74842245543094,7.89103350801694,0,,,,Risk (↑ expression → ↑ MG risk)
HIST1H2BI,CD8 NC,Tier 1 (Strong),0.944,-1.95588476882869,0.21931369141289,4.73900533704619e-19,5.53953270013491e-17,0.141439280251027,0.0920208953825922,0.217397036996371,0,,,,Protective (↑ expression → ↓ MG risk)
HIST1H4H,CD8 S100B,Tier 1 (Strong),0.955,1.16822167073825,0.131463204015005,6.31767549467568e-19,7.16443259829042e-17,3.2162679664229,2.48569870954079,4.16155811327155,0,,,,Risk (↑ expression → ↑ MG risk)
HSD17B8,Mono C,Tier 1 (Strong),0.949,1.72874817043599,0.196537723103448,1.41764440874246e-18,1.58400914965077e-16,5.63359718893199,3.83256477512227,8.28098653234892,0,,,,Risk (↑ expression → ↑ MG risk)
ZBTB9,B Mem,Tier 1 (Strong),0.998,-1.19169112093422,0.13702875986211,3.41826666780838e-18,3.76405654232001e-16,0.303707223892964,0.232174162094965,0.397279684407964,0,,,,Protective (↑ expression → ↓ MG risk)
VPS52,NK R,Tier 1 (Strong),0.971,1.19504313386239,0.137913364892201,4.50828802156087e-18,4.82450315321402e-16,3.30370026878118,2.52119485679976,4.32907255720763,0,,,,Risk (↑ expression → ↑ MG risk)
B3GALT4,DC,Tier 1 (Strong),0.897,-1.70450058774796,0.201787834064134,2.98899538323182e-17,2.94940089893446e-15,0.181863188204042,0.122455847503076,0.270090974813663,0,,,,Protective (↑ expression → ↓ MG risk)
HCG25,CD4 ET,Tier 1 (Strong),0.952,-0.880493071245373,0.104237447045899,2.98899538323182e-17,2.94940089893446e-15,0.414578444567329,0.337969890963935,0.508552067196444,0,,,,Protective (↑ expression → ↓ MG risk)
HIST1H2BG,CD8 S100B,Tier 1 (Strong),0.901,1.76905023099341,0.228316968526726,9.31891716890184e-15,7.22501353564451e-13,5.86528005391404,3.74922432785352,9.17563397187737,0,,,,Risk (↑ expression → ↑ MG risk)
ZBTB9,B IN,Tier 1 (Strong),0.996,-1.24840028162827,0.168546173872919,1.29311163124969e-13,9.63241389630897e-12,0.286963490639928,0.206232566702374,0.399296998902668,0,,,,Protective (↑ expression → ↓ MG risk)
HIST1H4B,CD8 ET,Tier 1 (Strong),0.855,-1.3572172724203,0.186582518159874,3.48773901754341e-13,2.49998500521649e-11,0.257375988634321,0.178544214525233,0.371013979375583,0,,,,Protective (↑ expression → ↓ MG risk)
HIST1H2BG,B IN,Tier 1 (Strong),0.873,-1.03760208112898,0.153803596055045,1.51684063966602e-11,9.14678982554158e-10,0.354303254608277,0.262092671591429,0.47895576577473,0,,,,Protective (↑ expression → ↓ MG risk)
HFE,CD8 NC,Tier 1 (Strong),0.872,-1.32323149375339,0.1963106957939,1.57846661782267e-11,9.44345619072175e-10,0.266273449192161,0.181227803261769,0.391228875860063,0,,,,Protective (↑ expression → ↓ MG risk)
RP11-367G6.3,Mono NC,Tier 1 (Strong),0.978,1.06689325280615,0.159062571811954,1.98148591486447e-11,1.10700955743678e-09,2.9063362077815,2.12788943321682,3.96956252557372,0,,,,Risk (↑ expression → ↑ MG risk)
SESN3,CD4 NC,Tier 1 (Strong),1,-0.60246842164822,0.0903215632212928,2.55348491576576e-11,1.40589698478175e-09,0.547458608179406,0.458635874469225,0.653483393588836,0,,,,Protective (↑ expression → ↓ MG risk)
SESN3,CD8 NC,Tier 1 (Strong),1,-0.805808225113737,0.120806096939875,2.55348491576576e-11,1.40589698478175e-09,0.446726724854869,0.352541062160355,0.566075240928347,0,,,,Protective (↑ expression → ↓ MG risk)
HIST1H3B,CD4 NC,Tier 1 (Strong),0.924,-0.809810292350427,0.130716835831155,5.82298688254111e-10,2.98939556307752e-08,0.444942467206581,0.344378033438986,0.574873481757524,0,,,,Protective (↑ expression → ↓ MG risk)
RP1-30M3.5,NK,Tier 1 (Strong),0.997,-1.09365249276738,0.177661468674966,7.46887690403809e-10,3.80862595415311e-08,0.33499070534949,0.236485361027364,0.47452735417971,0,,,,Protective (↑ expression → ↓ MG risk)
ORMDL3,B Mem,Tier 1 (Strong),0.864,-0.323513921313627,0.0540901511977011,2.21753573626002e-09,1.08702171123249e-07,0.723601884363491,0.650814503874884,0.804529837514276,0,,,,Protective (↑ expression → ↓ MG risk)
RP11-457M11.5,CD4 ET,Tier 1 (Strong),0.93,0.666774405842515,0.134135448789983,6.66415274467796e-07,2.94385072988739e-05,1.94794389961982,1.49760763699018,2.53369797425183,0,,,,Risk (↑ expression → ↑ MG risk)
RNASET2,CD8 S100B,Tier 1 (Strong),0.831,-0.315492252136477,0.0635190856377298,6.80354795171987e-07,2.98805533740853e-05,0.729429722540376,0.644043080462906,0.82613684746509,0,,,,Protective (↑ expression → ↓ MG risk)
MED16,CD8 S100B,Tier 1 (Strong),0.966,0.567668471974895,0.124031674513447,4.72136919356768e-06,0.000192865393186705,1.7641490896845,1.38343064644577,2.24964078873807,0,,,,Risk (↑ expression → ↑ MG risk)
MED16,NK,Tier 1 (Strong),0.993,0.224671816208569,0.049089253597932,4.72136919356768e-06,0.000192865393186705,1.25191179160785,1.13707238871368,1.37834947847057,0,,,,Risk (↑ expression → ↑ MG risk)
BCAS4,B Mem,Tier 1 (Strong),0.94,0.596772383158658,0.131368132972005,5.55254936025162e-06,0.000225605722134716,1.81624717983145,1.40395161468335,2.34962073033386,0,,,,Risk (↑ expression → ↑ MG risk)
MED16,CD4 NC,Tier 1 (Strong),0.99,0.19195348157301,0.0427514813747687,7.12284124788977e-06,0.000284838672639297,1.21161415326941,1.11422665139654,1.31751368050905,0,,,,Risk (↑ expression → ↑ MG risk)
CFD,CD8 S100B,Tier 1 (Strong),0.952,0.499362277421277,0.115816194941254,1.62019395670456e-05,0.000577945243335271,1.64767017910783,1.31306294674951,2.06754522000772,2,Danicopan (Approved); Lampalizumab (Phase 3),Complement factor D inhibitor,Paroxysmal nocturnal hemoglobinuria; Geographic atrophy; Age-related macular degeneration,Risk (↑ expression → ↑ MG risk)
KB-1980E6.3,CD8 ET,Tier 1 (Strong),0.991,-0.8345319053733,0.194926291591764,1.8583049144398e-05,0.000656716313484355,0.434077623287508,0.296239379521118,0.636051099430215,0,,,,Protective (↑ expression → ↓ MG risk)
TNFRSF14,CD8 ET,Tier 1 (Strong),0.939,-0.500601042561217,0.116992881182847,1.87817750253766e-05,0.000660666327050052,0.606166218504773,0.48195376648894,0.762391561193056,0,,,,Protective (↑ expression → ↓ MG risk)
TNFRSF14,NK,Tier 1 (Strong),0.916,-0.460432797189324,0.114077397823297,5.43368884886359e-05,0.00185135281944689,0.631010486834901,0.504582211070586,0.789116670702286,0,,,,Protective (↑ expression → ↓ MG risk)
IL12RB2,NK,Tier 1 (Strong),0.948,0.499436773077474,0.124403204959063,5.95311381956875e-05,0.00198452962838176,1.64779292795108,1.29124451207778,2.10279424850097,0,,,,Risk (↑ expression → ↑ MG risk)
R3HDM4,CD4 NC,Tier 1 (Strong),0.911,0.350429722585143,0.0877006213631213,6.44898707296588e-05,0.00213971195547575,1.41967748501107,1.19546652263977,1.68593944144657,0,,,,Risk (↑ expression → ↑ MG risk)
KISS1R,CD8 NC,Tier 1 (Strong),0.902,0.422654368518242,0.105892626024959,6.56986670432357e-05,0.00217034118345437,1.52600676882603,1.23999186797321,1.87799349225504,0,,,,Risk (↑ expression → ↑ MG risk)
BCAS4,B IN,Tier 1 (Strong),0.966,0.507663503042406,0.12776995018038,7.08949578761587e-05,0.00233186099542448,1.66140478919106,1.2933482529529,2.13420157118928,0,,,,Risk (↑ expression → ↑ MG risk)
CTSH,B IN,Tier 1 (Strong),0.903,0.45777424404488,0.11802448808627,0.000105043006428514,0.00341075539676858,1.58055214372255,1.2541351949893,1.99192645976838,0,,,,Risk (↑ expression → ↑ MG risk)
CTSH,Plasma,Tier 1 (Strong),0.861,0.390176932776838,0.102230226147307,0.000135276169682648,0.00424480824707939,1.4772421433158,1.20901465062438,1.80497758969361,0,,,,Risk (↑ expression → ↑ MG risk)
CFD,CD8 ET,Tier 1 (Strong),0.843,0.220807866114471,0.0578971150926753,0.000136847676239799,0.00424480824707939,1.24708380048811,1.11330104959781,1.39694290776219,2,Danicopan (Approved); Lampalizumab (Phase 3),Complement factor D inhibitor,Paroxysmal nocturnal hemoglobinuria; Geographic atrophy; Age-related macular degeneration,Risk (↑ expression → ↑ MG risk)
MED16,CD8 NC,Tier 1 (Strong),0.965,0.237204206163053,0.0621963314367127,0.0001368476762398,0.00424480824707939,1.26769996349089,1.12220937289185,1.4320529094259,0,,,,Risk (↑ expression → ↑ MG risk)
CFD,NK,Tier 1 (Strong),0.924,0.277818611646455,0.0728456663090225,0.0001368476762398,0.00424480824707939,1.32024669811374,1.14458383228197,1.52286909417992,2,Danicopan (Approved); Lampalizumab (Phase 3),Complement factor D inhibitor,Paroxysmal nocturnal hemoglobinuria; Geographic atrophy; Age-related macular degeneration,Risk (↑ expression → ↑ MG risk)
KISS1R,CD4 ET,Tier 1 (Strong),0.953,0.498398426789068,0.131734738419404,0.000154732514224278,0.00474055501240349,1.64608283626761,1.27150131423198,2.13101526009155,0,,,,Risk (↑ expression → ↑ MG risk)
MED16,CD8 ET,Tier 1 (Strong),0.863,0.204942380384057,0.054370939184797,0.00016368191166591,0.00493513954300632,1.22745433747804,1.10337684840138,1.36548465084847,0,,,,Risk (↑ expression → ↑ MG risk)
MED16,B Mem,Tier 1 (Strong),0.94,0.413012322174459,0.109571616224217,0.000163681911665911,0.00493513954300632,1.51136364910581,1.21926955542345,1.87343321226874,0,,,,Risk (↑ expression → ↑ MG risk)
R3HDM4,CD8 ET,Tier 1 (Strong),0.969,0.261431692768863,0.0693574781452093,0.000163681911665911,0.00493513954300632,1.29878822191458,1.13370500593464,1.48790985005255,0,,,,Risk (↑ expression → ↑ MG risk)
SPATA21,CD4 NC,Tier 1 (Strong),0.883,-0.397828871911829,0.106669534018099,0.000191825528357261,0.00564918745914137,0.671776977736013,0.545037238795886,0.827988026677083,0,,,,Protective (↑ expression → ↓ MG risk)
BCAS4,CD8 ET,Tier 1 (Strong),0.879,0.407801064823699,0.10944419811094,0.000194457964698117,0.00570460083311309,1.50350803078215,1.21323511014476,1.86323028382907,0,,,,Risk (↑ expression → ↑ MG risk)
BCAS4,CD4 ET,Tier 1 (Strong),0.891,0.48840717260905,0.131730630516858,0.000209215956531975,0.00606726273942726,1.62971829154458,1.25887081023158,2.10981276887847,0,,,,Risk (↑ expression → ↑ MG risk)
ALDH7A1,CD4 NC,Tier 1 (Strong),0.926,-1.17294437808044,0.317642821777273,0.000221927678363416,0.00641143155971573,0.309454447669029,0.166040373097845,0.576739580835034,0,,,,Protective (↑ expression → ↓ MG risk)
R3HDM4,NK,Tier 1 (Strong),0.803,0.247991227186456,0.0687438347603982,0.000309198911004121,0.0088319297962756,1.28144869023428,1.1199155840204,1.46628082431725,0,,,,Risk (↑ expression → ↑ MG risk)
TYMP,Mono C,Tier 1 (Strong),0.852,-0.26377779107981,0.0732910459749686,0.000319387613889776,0.00905487720274076,0.768144209189132,0.665359195068556,0.886807502600157,2,Tipiracil hydrochloride (Approved); Tipiracil (Approved),Thymidine phosphorylase inhibitor,Colorectal cancer; Gastric cancer; Pancreatic cancer,Protective (↑ expression → ↓ MG risk)
TYMP,Mono NC,Tier 1 (Strong),0.807,-0.334236946540102,0.0928682256194643,0.000319387613889777,0.00905487720274076,0.715884135860336,0.596749012384906,0.858803425460791,2,Tipiracil hydrochloride (Approved); Tipiracil (Approved),Thymidine phosphorylase inhibitor,Colorectal cancer; Gastric cancer; Pancreatic cancer,Protective (↑ expression → ↓ MG risk)
TNFRSF14,CD4 ET,Tier 1 (Strong),0.895,-0.41324660758256,0.122949924812901,0.0007763359236352,0.0200632664890485,0.661499132009751,0.51984298744875,0.841756284521957,0,,,,Protective (↑ expression → ↓ MG risk)
HLA-G,Mono NC,Tier 2 (Moderate),0.704,1.80336202184947,0.170516196231526,3.85463929289182e-26,2.44062911228267e-23,6.07002073987829,4.34554106664784,8.47884100448166,0,,,,Risk (↑ expression → ↑ MG risk)
RP11-457M11.5,B IN,Tier 2 (Moderate),0.692,-2.02424263471336,0.219688237357395,3.13724113045331e-20,4.9659912727468e-18,0.132093848608248,0.0858776577440595,0.203181890360135,0,,,,Protective (↑ expression → ↓ MG risk)
HIST1H3H,CD8 NC,Tier 2 (Moderate),0.739,-1.63334083869664,0.179063825795662,7.4052878993866e-20,1.12530754919079e-17,0.195276097212132,0.137475997980306,0.277377540098778,0,,,,Protective (↑ expression → ↓ MG risk)
U91328.19,CD4 ET,Tier 2 (Moderate),0.63,-1.21409403072622,0.147326082306301,1.7097320090974e-16,1.58421265916123e-14,0.296978946253872,0.222494443205154,0.396398639208878,0,,,,Protective (↑ expression → ↓ MG risk)
HIST1H2BN,DC,Tier 2 (Moderate),0.62,1.05545545088049,0.130944734459042,7.6099792645891e-16,6.21727123143527e-14,2.87328349543398,2.22288026435014,3.71399133706685,0,,,,Risk (↑ expression → ↑ MG risk)
HIST1H2BG,CD4 ET,Tier 2 (Moderate),0.677,-1.50580357130837,0.226508955252836,2.97351537301863e-11,1.625379122604e-09,0.221838958766731,0.142308061563528,0.345816836277671,0,,,,Protective (↑ expression → ↓ MG risk)
ORMDL3,CD4 ET,Tier 2 (Moderate),0.787,-0.429730576628154,0.0748912141198291,9.57649526076327e-09,4.63453573192862e-07,0.650684380689041,0.561851692477466,0.753562139157677,0,,,,Protective (↑ expression → ↓ MG risk)
RNASET2,CD4 SOX4,Tier 2 (Moderate),0.691,-0.40480210212514,0.0902249335772714,7.23728407835616e-06,0.000287899918467802,0.667108817213382,0.558979224530833,0.796155124329293,0,,,,Protective (↑ expression → ↓ MG risk)
ORMDL3,CD8 S100B,Tier 2 (Moderate),0.711,-0.383930931946772,0.0937722139088484,4.23458287167823e-05,0.00145585342348467,0.681178473225886,0.566813773383255,0.818618273188308,0,,,,Protective (↑ expression → ↓ MG risk)
ZFP36L1,B IN,Tier 2 (Moderate),0.763,0.41840017906473,0.118581623993072,0.000418122812430651,0.0115945150687886,1.51952863629582,1.20439840828151,1.91711252742153,0,,,,Risk (↑ expression → ↑ MG risk)
EVI2A,NK,Tier 2 (Moderate),0.595,-0.238025235346565,0.0679216921901064,0.000457625835790201,0.012552494947054,0.788182800776668,0.689939233928537,0.90041571328367,0,,,,Protective (↑ expression → ↓ MG risk)
EVI2A,B Mem,Tier 2 (Moderate),0.609,-0.314708673509769,0.0898036950601662,0.000457625835790202,0.012552494947054,0.730001512072416,0.612183064727169,0.870494854125885,0,,,,Protective (↑ expression → ↓ MG risk)
YWHAB,B Mem,Tier 2 (Moderate),0.791,-0.48294097676553,0.139126489541232,0.000518067112545385,0.0141183439646656,0.616966237641798,0.46971511973738,0.81037914768998,0,,,,Protective (↑ expression → ↓ MG risk)
KANSL1-AS1,B Mem,Tier 2 (Moderate),0.509,0.161329050864851,0.0466024399120339,0.000536544747172131,0.0144051837067627,1.17507156351996,1.07249559934551,1.28745813058429,0,,,,Risk (↑ expression → ↑ MG risk)
THEMIS2,DC,Tier 2 (Moderate),0.781,0.273083113084304,0.0810473194092332,0.000753243478399188,0.0196848041963685,1.31400945166475,1.12101033897708,1.54023631988965,0,,,,Risk (↑ expression → ↑ MG risk)
CDK5R1,CD4 NC,Tier 2 (Moderate),0.551,0.222755412022747,0.0664633578637702,0.000803598929377321,0.0206974395437589,1.24951492003106,1.09689913473777,1.42336472510162,0,,,,Risk (↑ expression → ↑ MG risk)
ACAP1,CD4 NC,Tier 2 (Moderate),0.514,-0.472724690255975,0.143357877554126,0.000975446129016106,0.02414149735591,0.623301648575429,0.470619140833308,0.825518793028555,0,,,,Protective (↑ expression → ↓ MG risk)
ACAP1,NK,Tier 2 (Moderate),0.51,-0.55332258989751,0.167799892253367,0.000975446129016106,0.02414149735591,0.57503602389359,0.413867096884263,0.798967666830059,0,,,,Protective (↑ expression → ↓ MG risk)
SPCS1,CD4 NC,Tier 2 (Moderate),0.543,0.295381053180065,0.0904566295088975,0.00109292634724594,0.0263658489995078,1.34363825878087,1.12534095330288,1.60428158698121,0,,,,Risk (↑ expression → ↑ MG risk)
CTSH,CD4 NC,Tier 2 (Moderate),0.669,-0.651505011865893,0.199517464236116,0.00109308271056133,0.0263658489995078,0.521260682608649,0.352551262500876,0.770704087984821,0,,,,Protective (↑ expression → ↓ MG risk)
CTSH,Mono NC,Tier 2 (Moderate),0.622,0.44376140923297,0.13589788180207,0.00109308271056133,0.0263658489995078,1.55855858356957,1.19411050495433,2.03423791042796,0,,,,Risk (↑ expression → ↑ MG risk)
CTSH,B Mem,Tier 2 (Moderate),0.596,0.649935668608337,0.200505156223954,0.00118906169379183,0.0282327835919699,1.91541760357025,1.292974738414,2.83750678730745,0,,,,Risk (↑ expression → ↑ MG risk)
MDH1,CD8 NC,Tier 2 (Moderate),0.617,0.482110333386972,0.149848450750173,0.00129394444416053,0.030250430420713,1.61948845909176,1.2073252431689,2.17235818100465,0,,,,Risk (↑ expression → ↑ MG risk)
EVI2A,CD8 ET,Tier 2 (Moderate),0.573,-0.247576763159986,0.0774966237370715,0.00139986904002726,0.0326263956016168,0.780690290257076,0.670675312116021,0.908751698908879,0,,,,Protective (↑ expression → ↓ MG risk)
KISS1R,CD4 NC,Tier 2 (Moderate),0.633,0.305236970465642,0.0960267994815196,0.00147955279618232,0.0341691250619857,1.35694652115854,1.12414690741925,1.63795661326099,0,,,,Risk (↑ expression → ↑ MG risk)
CTSH,DC,Tier 2 (Moderate),0.575,0.631790436046648,0.198909933918847,0.00149185186976794,0.0343487591105964,1.88097533221566,1.27370116537506,2.7777851638865,0,,,,Risk (↑ expression → ↑ MG risk)
MDH1,CD4 NC,Tier 2 (Moderate),0.552,0.363443498076638,0.11536687941732,0.00163087314001941,0.0361175596163262,1.43827358938528,1.14720025646287,1.80319949047203,0,,,,Risk (↑ expression → ↑ MG risk)
C19orf83,CD4 ET,Tier 2 (Moderate),0.565,-0.385030655353996,0.122264225692561,0.00163735724117915,0.0361175596163262,0.680429777069182,0.535438876904177,0.864682602427603,0,,,,Protective (↑ expression → ↓ MG risk)
C19orf83,CD8 NC,Tier 2 (Moderate),0.57,-0.265537515770357,0.084319880265482,0.00163735724117915,0.0361175596163262,0.766793675490577,0.649985982902279,0.904592646978275,0,,,,Protective (↑ expression → ↓ MG risk)
C19orf83,B Mem,Tier 2 (Moderate),0.563,-0.392081390439839,0.124503145253502,0.00163735724117915,0.0361175596163262,0.675649120343598,0.529348880455601,0.862383487858092,0,,,,Protective (↑ expression → ↓ MG risk)
C19orf83,CD4 NC,Tier 2 (Moderate),0.57,-0.18608560237868,0.0590903913000003,0.00163735724117915,0.0361175596163262,0.830202524629186,0.739409954722284,0.932143565959355,0,,,,Protective (↑ expression → ↓ MG risk)
C19orf83,CD8 ET,Tier 2 (Moderate),0.57,-0.171858681676953,0.0545727160983028,0.00163735724117915,0.0361175596163262,0.842098168661216,0.756675180686413,0.937164775272914,0,,,,Protective (↑ expression → ↓ MG risk)
C19orf83,NK,Tier 2 (Moderate),0.57,-0.154285181278459,0.0489923541477604,0.00163735724117915,0.0361175596163262,0.857027577937469,0.778559240109391,0.943404472654085,0,,,,Protective (↑ expression → ↓ MG risk)
C19orf83,NK R,Tier 2 (Moderate),0.57,-0.364000948827679,0.115586365763154,0.00163735724117915,0.0361175596163262,0.694890535411224,0.554022363498676,0.871576470586374,0,,,,Protective (↑ expression → ↓ MG risk)
RNASEH2C,CD4 NC,Tier 2 (Moderate),0.614,0.190216518814673,0.0604273434834205,0.00164473224891404,0.0361175596163262,1.20951145129388,1.07441779152399,1.3615913309998,0,,,,Risk (↑ expression → ↑ MG risk)
RNASEH2C,CD8 NC,Tier 2 (Moderate),0.616,0.328108435878297,0.104232383591999,0.00164473224891404,0.0361175596163262,1.38833950994156,1.13180416312083,1.703021297916,0,,,,Risk (↑ expression → ↑ MG risk)
RNASEH2C,NK,Tier 2 (Moderate),0.576,0.217077351926712,0.0689604025406803,0.00164473224891404,0.0361175596163262,1.24244020356447,1.08536350979081,1.4222494542228,0,,,,Risk (↑ expression → ↑ MG risk)
C21orf91,CD4 NC,Tier 2 (Moderate),0.644,-0.383718992473601,0.121938715796011,0.00165057451266369,0.0361413981187859,0.681322857132421,0.536483820196714,0.86526530377165,0,,,,Protective (↑ expression → ↓ MG risk)
TYMP,B Mem,Tier 2 (Moderate),0.569,-0.343159375957993,0.10928413076349,0.00168909814982616,0.0366679078353692,0.709525121302586,0.572721183034433,0.879006945564965,2,Tipiracil hydrochloride (Approved); Tipiracil (Approved),Thymidine phosphorylase inhibitor,Colorectal cancer; Gastric cancer; Pancreatic cancer,Protective (↑ expression → ↓ MG risk)
TYMP,DC,Tier 2 (Moderate),0.734,-0.278164281230991,0.0885854906307473,0.00168909814982617,0.0366679078353692,0.757172422078798,0.636486645171843,0.900741721928646,2,Tipiracil hydrochloride (Approved); Tipiracil (Approved),Thymidine phosphorylase inhibitor,Colorectal cancer; Gastric cancer; Pancreatic cancer,Protective (↑ expression → ↓ MG risk)
EVI2A,CD8 NC,Tier 2 (Moderate),0.564,-0.250133154819956,0.0802303794099864,0.00182276702970466,0.0392333821294505,0.778697088897196,0.665388167253249,0.911301381808585,0,,,,Protective (↑ expression → ↓ MG risk)
MPV17L2,CD4 NC,Tier 2 (Moderate),0.503,-0.353658927250984,0.113615341386486,0.00185337626031032,0.0397795277566041,0.702114398609392,0.561948541544603,0.87724158404191,0,,,,Protective (↑ expression → ↓ MG risk)
CTSH,Mono C,Tier 2 (Moderate),0.584,0.520820881137855,0.167465562629698,0.00187076068111155,0.0400395483241846,1.68340896133864,1.2123836474799,2.33743315245617,0,,,,Risk (↑ expression → ↑ MG risk)
EVI2A,B IN,Tier 2 (Moderate),0.566,-0.205468072888739,0.0664222130155343,0.00197901333267886,0.04209594448855,0.814266091316245,0.714869256965717,0.927483257961996,0,,,,Protective (↑ expression → ↓ MG risk)
EVI2A,CD4 NC,Tier 2 (Moderate),0.569,-0.165260046809755,0.0534240569730692,0.00197901333267886,0.04209594448855,0.847673240701799,0.763401481145565,0.941247745450572,0,,,,Protective (↑ expression → ↓ MG risk)
YWHAB,CD4 NC,Tier 2 (Moderate),0.521,-0.308523403717993,0.100657702270995,0.00217615440852908,0.0460568835543286,0.734530761247211,0.603015426195058,0.894729082840881,0,,,,Protective (↑ expression → ↓ MG risk)
YWHAB,CD8 ET,Tier 2 (Moderate),0.511,-0.210082775005675,0.0689309195398707,0.00230577625907492,0.0483958232498653,0.810517152631491,0.708087661479578,0.927763736677972,0,,,,Protective (↑ expression → ↓ MG risk)
RNASEH2C,B Mem,Tier 2 (Moderate),0.506,0.331432612170003,0.108843776660912,0.00232656767925192,0.0485639044696595,1.39296227441052,1.12535530213519,1.72420558578203,0,,,,Risk (↑ expression → ↑ MG risk)
