rsid_1,rsid_2,chr_grch37,pos_1,pos_2,distance_bp,population,r2,d_prime,status,ld_source
rs6096141,rs6096205,20,50874351,50964433,90082,1000GENOMES:phase_3:EUR,0.683815,0.877456,EVALUATED,PAIRWISE_ENDPOINT
rs6096141,rs6702,20,50874351,50877072,2721,1000GENOMES:phase_3:EUR,0.781646,0.958183,EVALUATED,PAIRWISE_ENDPOINT
rs6096141,rs6122981,20,50874351,50878789,4438,1000GENOMES:phase_3:EUR,0.857616,0.984954,EVALUATED,PAIRWISE_ENDPOINT
rs3825932,rs4779112,15,78943104,78928244,14860,1000GENOMES:phase_3:EUR,0.912383,0.959434,EVALUATED,PAIRWISE_ENDPOINT
rs8067378,rs7359623,17,39895095,39893336,1759,1000GENOMES:phase_3:EUR,0.957187,0.999999,EVALUATED,PAIRWISE_ENDPOINT
rs8067378,rs35736272,17,39895095,39876427,18668,1000GENOMES:phase_3:EUR,0.84273,0.999999,EVALUATED,PAIRWISE_ENDPOINT
rs8067378,rs3893044,17,39895095,39946763,51668,1000GENOMES:phase_3:EUR,0.451801,0.76668,EVALUATED,PAIRWISE_ENDPOINT
rs8067378,rs12453217,17,39895095,39585729,309366,1000GENOMES:phase_3:EUR,0.13166,0.694039,EVALUATED,PAIRWISE_ENDPOINT
rs8067378,rs12944882,17,39895095,39827239,67856,1000GENOMES:phase_3:EUR,0.875206,0.99126,EVALUATED,PAIRWISE_ENDPOINT
rs6096205,rs6702,20,50964433,50877072,87361,1000GENOMES:phase_3:EUR,0.545816,0.75459,EVALUATED,PAIRWISE_ENDPOINT
rs6096205,rs6122981,20,50964433,50878789,85644,1000GENOMES:phase_3:EUR,0.677252,0.824876,EVALUATED,PAIRWISE_ENDPOINT
rs11546307,rs2930891,19,875389,883224,7835,1000GENOMES:phase_3:EUR,0.799865,0.999999,EVALUATED,PAIRWISE_ENDPOINT
rs11546307,rs6678,19,875389,890165,14776,1000GENOMES:phase_3:EUR,0.933425,0.978765,EVALUATED,PAIRWISE_ENDPOINT
rs11546307,rs1683565,19,875389,880602,5213,1000GENOMES:phase_3:EUR,0.785584,0.976984,EVALUATED,PAIRWISE_ENDPOINT
rs11546307,rs10424998,19,875389,874647,742,1000GENOMES:phase_3:EUR,0.994794,1.0,EVALUATED,PAIRWISE_ENDPOINT
rs11546307,rs2930894,19,875389,881161,5772,1000GENOMES:phase_3:EUR,0.781745,0.976927,EVALUATED,PAIRWISE_ENDPOINT
rs11546307,rs2930901,19,875389,886945,11556,1000GENOMES:phase_3:EUR,0.949695,1.0,EVALUATED,PAIRWISE_ENDPOINT
rs11546307,rs2930893,19,875389,882724,7335,1000GENOMES:phase_3:EUR,0.943963,0.989354,EVALUATED,PAIRWISE_ENDPOINT
rs7359623,rs35736272,17,39893336,39876427,16909,1000GENOMES:phase_3:EUR,0.849676,0.982383,EVALUATED,PAIRWISE_ENDPOINT
rs7359623,rs3893044,17,39893336,39946763,53427,1000GENOMES:phase_3:EUR,0.424284,0.726889,EVALUATED,PAIRWISE_ENDPOINT
rs7359623,rs12453217,17,39893336,39585729,307607,1000GENOMES:phase_3:EUR,0.12205,0.68301,EVALUATED,PAIRWISE_ENDPOINT
rs7359623,rs12944882,17,39893336,39827239,66097,1000GENOMES:phase_3:EUR,0.837243,0.990968,EVALUATED,PAIRWISE_ENDPOINT
rs6702,rs6122981,20,50877072,50878789,1717,1000GENOMES:phase_3:EUR,0.712837,0.860338,EVALUATED,PAIRWISE_ENDPOINT
rs13191296,rs116418977,6,25684378,25365660,318718,1000GENOMES:phase_3:EUR,0.493365,0.827133,EVALUATED,PAIRWISE_ENDPOINT
rs13191296,rs34991172,6,25684378,25480100,204278,1000GENOMES:phase_3:EUR,0.75518,0.956972,EVALUATED,PAIRWISE_ENDPOINT
rs2930891,rs6678,19,883224,890165,6941,1000GENOMES:phase_3:EUR,0.802337,0.988624,EVALUATED,PAIRWISE_ENDPOINT
rs2930891,rs1683565,19,883224,880602,2622,1000GENOMES:phase_3:EUR,0.97185,1.0,EVALUATED,PAIRWISE_ENDPOINT
rs2930891,rs10424998,19,883224,874647,8577,1000GENOMES:phase_3:EUR,0.804051,0.999999,EVALUATED,PAIRWISE_ENDPOINT
rs2930891,rs2930894,19,883224,881161,2063,1000GENOMES:phase_3:EUR,0.967079,0.99516,EVALUATED,PAIRWISE_ENDPOINT
rs2930891,rs2930901,19,883224,886945,3721,1000GENOMES:phase_3:EUR,0.832916,0.994453,EVALUATED,PAIRWISE_ENDPOINT
rs2930891,rs2930893,19,883224,882724,500,1000GENOMES:phase_3:EUR,0.829403,1.0,EVALUATED,PAIRWISE_ENDPOINT
rs35736272,rs3893044,17,39876427,39946763,70336,1000GENOMES:phase_3:EUR,0.544509,0.772659,EVALUATED,PAIRWISE_ENDPOINT
rs35736272,rs12453217,17,39876427,39585729,290698,1000GENOMES:phase_3:EUR,0.10425,0.672744,EVALUATED,PAIRWISE_ENDPOINT
rs35736272,rs12944882,17,39876427,39827239,49188,1000GENOMES:phase_3:EUR,0.735711,0.990014,EVALUATED,PAIRWISE_ENDPOINT
rs3893044,rs12453217,17,39946763,39585729,361034,1000GENOMES:phase_3:EUR,0.055765,,SENSITIVITY_EUR_SUBPOP_MAX,MAX_AVAILABLE_EUR_SUBPOPULATION
rs3893044,rs12944882,17,39946763,39827239,119524,1000GENOMES:phase_3:EUR,0.390356,0.755098,EVALUATED,PAIRWISE_ENDPOINT
rs6678,rs1683565,19,890165,880602,9563,1000GENOMES:phase_3:EUR,0.788589,0.966224,EVALUATED,PAIRWISE_ENDPOINT
rs6678,rs10424998,19,890165,874647,15518,1000GENOMES:phase_3:EUR,0.938508,0.978868,EVALUATED,PAIRWISE_ENDPOINT
rs6678,rs2930894,19,890165,881161,9004,1000GENOMES:phase_3:EUR,0.784689,0.966139,EVALUATED,PAIRWISE_ENDPOINT
rs6678,rs2930901,19,890165,886945,3220,1000GENOMES:phase_3:EUR,0.964516,0.994773,EVALUATED,PAIRWISE_ENDPOINT
rs6678,rs2930893,19,890165,882724,7441,1000GENOMES:phase_3:EUR,0.948964,0.979176,EVALUATED,PAIRWISE_ENDPOINT
rs1683565,rs10424998,19,880602,874647,5955,1000GENOMES:phase_3:EUR,0.789874,0.977095,EVALUATED,PAIRWISE_ENDPOINT
rs1683565,rs2930894,19,880602,881161,559,1000GENOMES:phase_3:EUR,0.995229,1.0,EVALUATED,PAIRWISE_ENDPOINT
rs1683565,rs2930901,19,880602,886945,6343,1000GENOMES:phase_3:EUR,0.819708,0.972552,EVALUATED,PAIRWISE_ENDPOINT
rs1683565,rs2930893,19,880602,882724,2122,1000GENOMES:phase_3:EUR,0.825207,0.983328,EVALUATED,PAIRWISE_ENDPOINT
rs239936,rs12212247,6,166998128,167000051,1923,1000GENOMES:phase_3:EUR,0.585819,0.970928,EVALUATED,PAIRWISE_ENDPOINT
rs10424998,rs2930894,19,874647,881161,6514,1000GENOMES:phase_3:EUR,0.786014,0.977038,EVALUATED,PAIRWISE_ENDPOINT
rs10424998,rs2930901,19,874647,886945,12298,1000GENOMES:phase_3:EUR,0.954665,1.0,EVALUATED,PAIRWISE_ENDPOINT
rs10424998,rs2930893,19,874647,882724,8077,1000GENOMES:phase_3:EUR,0.949002,0.989406,EVALUATED,PAIRWISE_ENDPOINT
rs12453217,rs12944882,17,39585729,39827239,241510,1000GENOMES:phase_3:EUR,0.103532,0.580846,EVALUATED,PAIRWISE_ENDPOINT
rs3748825,rs2227312,1,2551831,2556224,4393,1000GENOMES:phase_3:EUR,0.957094,0.999999,EVALUATED,PAIRWISE_ENDPOINT
rs2930894,rs2930901,19,881161,886945,5784,1000GENOMES:phase_3:EUR,0.815683,0.972484,EVALUATED,PAIRWISE_ENDPOINT
rs2930894,rs2930893,19,881161,882724,1563,1000GENOMES:phase_3:EUR,0.821202,0.983286,EVALUATED,PAIRWISE_ENDPOINT
rs2930901,rs2930893,19,886945,882724,4221,1000GENOMES:phase_3:EUR,0.974596,0.994823,EVALUATED,PAIRWISE_ENDPOINT
rs116418977,rs34991172,6,25365660,25480100,114440,1000GENOMES:phase_3:EUR,0.639146,0.854904,EVALUATED,PAIRWISE_ENDPOINT
