ld_locus,index_rsid,member_rsid,chr_grch37,pos_grch37,r2_to_index
LD01,rs4409785,rs4409785,11,95578258,1
LD02,rs13191296,rs13191296,6,25684378,1
LD02,rs13191296,rs34991172,6,25480100,0.755180
LD02,rs13191296,rs116418977,6,25365660,0.493365
LD03,rs7359623,rs7359623,17,39893336,1
LD03,rs7359623,rs35736272,17,39876427,0.849676
LD03,rs7359623,rs12453217,17,39585729,0.122050
LD03,rs7359623,rs3893044,17,39946763,0.424284
LD03,rs7359623,rs8067378,17,39895095,0.957187
LD03,rs7359623,rs12944882,17,39827239,0.837243
LD04,rs12212247,rs12212247,6,167000051,1
LD04,rs12212247,rs239936,6,166998128,0.585819
LD05,rs2930893,rs2930893,19,882724,1
LD05,rs2930893,rs6678,19,890165,0.948964
LD05,rs2930893,rs2930901,19,886945,0.974596
LD05,rs2930893,rs1683565,19,880602,0.825207
LD05,rs2930893,rs2930894,19,881161,0.821202
LD05,rs2930893,rs10424998,19,874647,0.949002
LD05,rs2930893,rs2930891,19,883224,0.829403
LD05,rs2930893,rs11546307,19,875389,0.943963
LD06,rs6096205,rs6096205,20,50964433,1
LD06,rs6096205,rs6096141,20,50874351,0.683815
LD06,rs6096205,rs6122981,20,50878789,0.677252
LD06,rs6096205,rs6702,20,50877072,0.545816
LD07,rs17186084,rs17186084,8,102528938,1
LD08,rs3748825,rs3748825,1,2551831,1
LD08,rs3748825,rs2227312,1,2556224,0.957094
LD09,rs12211894,rs12211894,6,84624041,1
LD10,rs17129778,rs17129778,1,67322008,1
LD11,rs3825932,rs3825932,15,78943104,1
LD11,rs3825932,rs4779112,15,78928244,0.912383
LD12,rs673126,rs673126,1,16406023,1
LD13,rs79449010,rs79449010,5,126584126,1
