ld_locus,index_rsid,chr_grch37,index_pos_grch37,n_lead_variants,lead_variants,n_gene_cell_pairs,gene_cell_pairs
LD01,rs4409785,11,95578258,1,rs4409785,2,SESN3|CD4_NC|rs4409785;SESN3|CD8_NC|rs4409785
LD02,rs13191296,6,25684378,3,rs13191296;rs34991172;rs116418977,3,HIST1H2BG|CD4_ET|rs13191296;HIST1H3D|MONO_NC|rs116418977;RP1-30M3.5|NK|rs34991172
LD03,rs7359623,17,39893336,6,rs7359623;rs35736272;rs12453217;rs3893044;rs8067378;rs12944882,6,ORMDL3|B_IN|rs8067378;ORMDL3|B_MEM|rs7359623;ORMDL3|CD4_ET|rs35736272;GSDMA|CD4_NC|rs3893044;PNMT|CD8_ET|rs12453217;ORMDL3|CD8_S100B|rs12944882
LD04,rs12212247,6,167000051,2,rs12212247;rs239936,2,RNASET2|CD4_SOX4|rs239936;RNASET2|CD8_S100B|rs12212247
LD05,rs2930893,19,882724,8,rs2930893;rs6678;rs2930901;rs1683565;rs2930894;rs10424998;rs2930891;rs11546307,13,MED16|B_MEM|rs11546307;KISS1R|CD4_ET|rs2930891;MED16|CD4_NC|rs6678;R3HDM4|CD4_NC|rs1683565;CFD|CD8_ET|rs10424998;MED16|CD8_ET|rs11546307;R3HDM4|CD8_ET|rs11546307;KISS1R|CD8_NC|rs2930894;MED16|CD8_NC|rs10424998;CFD|CD8_S100B|rs2930901;MED16|CD8_S100B|rs2930893;CFD|NK|rs10424998;MED16|NK|rs2930893
LD06,rs6096205,20,50964433,4,rs6096205;rs6096141;rs6122981;rs6702,4,BCAS4|B_IN|rs6096141;BCAS4|B_MEM|rs6096205;BCAS4|CD4_ET|rs6702;BCAS4|CD8_ET|rs6122981
LD07,rs17186084,8,102528938,1,rs17186084,1,KB-1980E6.3|CD8_ET|rs17186084
LD08,rs3748825,1,2551831,2,rs3748825;rs2227312,2,TNFRSF14|CD8_ET|rs3748825;TNFRSF14|NK|rs2227312
LD09,rs12211894,6,84624041,1,rs12211894,1,SYNCRIP|CD4_SOX4|rs12211894
LD10,rs17129778,1,67322008,1,rs17129778,1,IL12RB2|NK|rs17129778
LD11,rs3825932,15,78943104,2,rs3825932;rs4779112,2,CTSH|B_IN|rs3825932;CTSH|PLASMA|rs4779112
LD12,rs673126,1,16406023,1,rs673126,1,SPATA21|CD4_NC|rs673126
LD13,rs79449010,5,126584126,1,rs79449010,1,ALDH7A1|CD4_NC|rs79449010
