gene,cell_type,rsid,chr_grch37,pos_grch37,mr_pvalue,global_fdr,ld_locus,index_rsid
BCAS4,B_IN,rs6096141,20,50874351,7.08949578761587e-05,0.0199814712044804,LD06,rs6096205
CTSH,B_IN,rs3825932,15,78943104,0.000105043006428514,0.0285094500410426,LD11,rs3825932
ORMDL3,B_IN,rs8067378,17,39895095,1.50451021829445e-05,0.00689065679978858,LD03,rs7359623
BCAS4,B_MEM,rs6096205,20,50964433,5.55254936025162e-06,0.00369900742835672,LD06,rs6096205
MED16,B_MEM,rs11546307,19,875389,0.00016368191166591,0.0342703156767942,LD05,rs2930893
ORMDL3,B_MEM,rs7359623,17,39893336,2.21753573626003e-09,3.2500203750627e-06,LD03,rs7359623
BCAS4,CD4_ET,rs6702,20,50877072,0.000209215956531975,0.0403456455122714,LD06,rs6096205
HIST1H2BG,CD4_ET,rs13191296,6,25684378,2.97351537301861e-11,7.26330688449346e-08,LD02,rs13191296
KISS1R,CD4_ET,rs2930891,19,883224,0.000154732514224278,0.0342703156767942,LD05,rs2930893
ORMDL3,CD4_ET,rs35736272,17,39876427,9.57649526076322e-09,1.16960928784788e-05,LD03,rs7359623
ALDH7A1,CD4_NC,rs79449010,5,126584126,0.000221927678363416,0.0416996417191567,LD13,rs79449010
GSDMA,CD4_NC,rs3893044,17,39946763,7.66873317412072e-06,0.00374643177999711,LD03,rs7359623
MED16,CD4_NC,rs6678,19,890165,7.1228412478898e-06,0.00374643177999711,LD05,rs2930893
R3HDM4,CD4_NC,rs1683565,19,880602,6.44898707296587e-05,0.0192575932837132,LD05,rs2930893
SESN3,CD4_NC,rs4409785,11,95578258,2.55348491576574e-11,7.26330688449346e-08,LD01,rs4409785
SPATA21,CD4_NC,rs673126,1,16406023,0.000191825528357261,0.0385131882515622,LD12,rs673126
RNASET2,CD4_SOX4,rs239936,6,166998128,7.23728407835616e-06,0.00374643177999711,LD04,rs12212247
SYNCRIP,CD4_SOX4,rs12211894,6,84624041,4.4792172400982e-05,0.0156303352073522,LD09,rs12211894
BCAS4,CD8_ET,rs6122981,20,50878789,0.000194457964698117,0.0385131882515622,LD06,rs6096205
CFD,CD8_ET,rs10424998,19,874647,0.0001368476762398,0.0323490248866211,LD05,rs2930893
KB-1980E6.3,CD8_ET,rs17186084,8,102528938,1.8583049144398e-05,0.00724383407294525,LD07,rs17186084
MED16,CD8_ET,rs11546307,19,875389,0.000163681911665911,0.0342703156767942,LD05,rs2930893
PNMT,CD8_ET,rs12453217,17,39585729,6.61996817403962e-06,0.00374643177999711,LD03,rs7359623
R3HDM4,CD8_ET,rs11546307,19,875389,0.00016368191166591,0.0342703156767942,LD05,rs2930893
TNFRSF14,CD8_ET,rs3748825,1,2551831,1.87817750253766e-05,0.00724383407294525,LD08,rs3748825
KISS1R,CD8_NC,rs2930894,19,881161,6.56986670432355e-05,0.0192575932837132,LD05,rs2930893
MED16,CD8_NC,rs10424998,19,874647,0.000136847676239799,0.0323490248866211,LD05,rs2930893
SESN3,CD8_NC,rs4409785,11,95578258,2.55348491576574e-11,7.26330688449346e-08,LD01,rs4409785
CFD,CD8_S100B,rs2930901,19,886945,1.62019395670456e-05,0.0069839890086653,LD05,rs2930893
MED16,CD8_S100B,rs2930893,19,882724,4.7213691935677e-06,0.00345981934504641,LD05,rs2930893
ORMDL3,CD8_S100B,rs12944882,17,39827239,4.23458287167825e-05,0.0155155116418291,LD03,rs7359623
RNASET2,CD8_S100B,rs12212247,6,167000051,6.80354795171987e-07,0.00062320499237754,LD04,rs12212247
HIST1H3D,MONO_NC,rs116418977,6,25365660,2.73359211851058e-08,2.86168043492079e-05,LD02,rs13191296
CFD,NK,rs10424998,19,874647,0.0001368476762398,0.0323490248866211,LD05,rs2930893
IL12RB2,NK,rs17129778,1,67322008,5.95311381956877e-05,0.0189671382912174,LD10,rs17129778
MED16,NK,rs2930893,19,882724,4.72136919356768e-06,0.00345981934504641,LD05,rs2930893
RP1-30M3.5,NK,rs34991172,6,25480100,7.46887690403813e-10,1.36829824881979e-06,LD02,rs13191296
TNFRSF14,NK,rs2227312,1,2556224,5.43368884886359e-05,0.0180991235838511,LD08,rs3748825
CTSH,PLASMA,rs4779112,15,78928244,0.000135276169682648,0.0323490248866211,LD11,rs3825932
