cell_type,pathway,pval,padj,log2err,ES,NES,size,leadingEdge,FDR_within_celltype,FDR_across_all_evaluable_tests,test_status,pathway_label
CD4_NC,HALLMARK_ADIPOGENESIS,0.0209695485729659,0.0524238714324146,0.352487857583619,0.31971617752289,1.32316467180211,154,GPX4|DNAJC15|UBC|CD302|COX7B|GADD45A|CD36|DRAM2|DNAJB9|UQCRQ|ARL4A|ALDH2|DDT|CYC1|NDUFB7|RTN3|CD151|NDUFA5|COX6A1|SUCLG1|MGST3|UQCR10|TALDO1|DECR1|SOD1|NDUFAB1|REEP6|SDHC|MDH2|ETFB|PHYH|COX8A|REEP5|BCL2L13|IDH3G|PTCD3|GRPEL1|SDHB|DHRS7|TOB1|SCP2|ATP1B3|JAGN1|ACAA2|RAB34|CCNG2|CHCHD10,0.0524238714324146,0.053768073264015,Evaluated,ADIPOGENESIS
CD4_NC,HALLMARK_ALLOGRAFT_REJECTION,0.0071503098449648,0.0210303230734259,0.407017918923954,0.346491602335239,1.43675325927039,157,SRGN|IL1B|HLA-A|SPI1|HLA-DRA|IGSF6|CTSS|RPS9|LY86|RIPK2|IFNG|HLA-DMA|CD86|CCR1|HLA-DMB|CDKN2A|TIMP1|NCF4|TNF|IL2|RPS19|CCL5|CD96|B2M|CD8B|RPS3A|CCL4|HLA-DQA1|FGR|CD3D|IFNGR2|LYN|HDAC9|FCGR2B|CAPG|CD79A|IL15|CD3E|CD8A|IL18|CD1D|PSMB10|F2R|RPL9|ICAM1|CFP|GZMB|IRF8|GZMA|HLA-DOA|CRTAM|GLMN,0.0210303230734259,0.0227938583311535,Evaluated,ALLOGRAFT REJECTION
CD4_NC,HALLMARK_ANDROGEN_RESPONSE,0.851351351351351,0.915606589365455,0.0453152441270267,0.212935755871247,0.80271636942786,77,SAT1|SGK1|DNAJB9|SORD|B2M|RAB4A|ZBTB10|DBI|TMEM50A|SRP19|PA2G4|HPGD|ELL2|CDC14B|SPCS3|INSIG1|VAPA|AKT1,0.915606589365455,0.886824324324324,Evaluated,ANDROGEN RESPONSE
CD4_NC,HALLMARK_ANGIOGENESIS,0.117082533589251,0.188842796111696,0.179782316298324,0.542875995710314,1.32246691582113,12,S100A4|TIMP1|VEGFA|VCAN,0.188842796111696,0.201296348484238,Evaluated,ANGIOGENESIS
CD4_NC,HALLMARK_APICAL_JUNCTION,0.193317422434368,0.25703794369645,0.154190966581424,-0.283040841842903,-1.15793804905164,111,MYH9|PLCG1|SHC1|PTEN|NF2|AKT2|AMIGO2|AMIGO1|TAOK2|SYMPK|MAPK14|LDLRAP1|CAP1|ZYX|PTPRC|ACTN1|MAPK13|ACTN4|VCL|AKT3|LIMA1|CDK8|CRAT|IRS1|CNN2|DSC1|IKBKG|MSN|THBS3|YWHAH,0.25703794369645,0.284487385936661,Evaluated,APICAL JUNCTION
CD4_NC,HALLMARK_APICAL_SURFACE,0.764065335753176,0.848961484170196,0.0535669384770951,0.270238559683408,0.817100058501837,26,PLAUR|LYN|LYPD3|SULF2|DCBLD2|CD160,0.848961484170196,0.830505799731713,Evaluated,APICAL SURFACE
CD4_NC,HALLMARK_APOPTOSIS,0.00376578072145428,0.0134492168623367,0.431707695803346,0.373462261019245,1.50331817091373,124,SAT1|GPX4|IL1B|CDKN1A|GADD45A|IER3|LGALS3|DDIT3|ATF3|GPX1|RHOB|CD69|PMAIP1|JUN|GADD45B|IFITM3|BAX|BTG3|BTG2|BIRC3|HMOX1|RHOT2|TIMP1|TSPO|TNF|CD14|MGMT,0.0134492168623367,0.0170361284061738,Evaluated,APOPTOSIS
CD4_NC,HALLMARK_BILE_ACID_METABOLISM,0.895575221238938,0.932890855457227,0.0451344222209097,0.214285438329969,0.776340711347774,65,GSTK1|AQP9|SLC27A5|PRDX5|HSD17B11|APOA1|RXRA|SOD1|PHYH|HACL1|PEX16|SCP2|PEX7|SLC35B2|ALDH1A1,0.932890855457227,0.913852266570345,Evaluated,BILE ACID METABOLISM
CD4_NC,HALLMARK_CHOLESTEROL_HOMEOSTASIS,0.0487804878048781,0.101626016260163,0.271288554688953,0.38336599904952,1.37422694010803,58,NFIL3|LGALS3|ATF3|ETHE1|PLAUR|CXCL16|CD9|ATF5|FBXO6|GUSB|FABP5|ANXA5|EBP|STARD4|FDFT1|MVD|TP53INP1|TMEM97|FDPS|SC5D|IDI1|S100A11|ACAT2|CLU|HSD17B7|PMVK|TM7SF2,0.101626016260163,0.103788271925272,Evaluated,CHOLESTEROL HOMEOSTASIS
CD4_NC,HALLMARK_COAGULATION,0.0349582239228546,0.0832338664829872,0.321775918075361,0.396618002713189,1.40041466368546,55,DUSP6|PLEK|MAFF|CD9|TIMP1|SERPINA1|F8|SERPING1|APOA1|CTSH|CFD|MSRB2|GSN|ANG|ADAM9|PRSS23,0.0832338664829872,0.0812981951694294,Evaluated,COAGULATION
CD4_NC,HALLMARK_COMPLEMENT,0.000638154746105772,0.00398846716316108,0.477270815362862,0.384551397026321,1.56806625079612,139,TNFAIP3|DUSP6|FCER1G|S100A9|CTSD|LGALS3|CD36|CTSS|PLEK|CDA|FCN1|ATOX1|PLAUR|CTSL|S100A12|MAFF|CTSC|RCE1|TIMP1|SERPINA1|CALM1|GRB2|CCL5|PSMB9|F8|USP16|SERPING1|LYN|CPM|CTSH|ZEB1|USP8|KYNU|MSRB1|ANXA5|PFN1|HSPA5|ANG|RHOG|USP15|GZMK|GMFB|ADAM9|TIMP2|GNB4|GZMB|GZMA|CR1|DUSP5|CASP4,0.00398846716316108,0.00490888266235209,Evaluated,COMPLEMENT
CD4_NC,HALLMARK_DNA_REPAIR,0.0012007547823445,0.00600377391172249,0.45505986738723,0.380374932636187,1.55511598260884,140,GPX4|DAD1|TAF9|GTF2A2|CDA|MPC2|NME3|HPRT1|VPS28|POLR2G|DUT|APRT|GTF2H5|TAF13|ADA|ERCC1|ITPA|POLR2I|NT5C|EDF1|GUK1|NELFE|COX17|SUPT4H1|RFC2|POLR2E|POLR2K|POLR2H|POLE4|RPA3|POLR1D|MRPL40|CSTF3|NT5C3A|DGUOK,0.00600377391172249,0.00706326342555587,Evaluated,DNA REPAIR
CD4_NC,HALLMARK_E2F_TARGETS,0.105,0.186595014181221,0.219250346703755,-0.273338700340459,-1.18821320181101,165,MCM3|MYC|NCAPD2|LBR|SUV39H1|PRKDC|NBN|SMC1A|RPA1|TUBB|ASF1A|PSMC3IP|TACC3|NUP153|CTCF|MCM6|LMNB1|CSE1L|SRSF1|POLD1|CBX5|IPO7|DCK|ILF3|PSIP1|GSPT1|CDC25B|EED|RPA2|RAD50|PPP1R8|MCM2|CCP110|NOLC1|DCLRE1B|RACGAP1|TBRG4|PDS5B|TIPIN|SLBP|SYNCRIP|BRCA2|PHF5A|RAD1|SSRP1|UNG|WDR90,0.186595014181221,0.194444444444444,Evaluated,E2F TARGETS
CD4_NC,HALLMARK_EPITHELIAL_MESENCHYMAL_TRANSITION,0.00279238363271586,0.0107399370489071,0.431707695803346,0.434273385672271,1.63007531083558,76,AREG|SAT1|TNFAIP3|CXCL8|GADD45A|RHOB|LGALS1|PLAUR|JUN|GADD45B|GLIPR1|PTX3|PPIB|TIMP1|VEGFA|VCAN|ID2|CAPG|TGFBI|BASP1|IL15|COL6A2|CADM1|PFN2,0.0107399370489071,0.0132970649176946,Evaluated,EPITHELIAL MESENCHYMAL TRANSITION
CD4_NC,HALLMARK_ESTROGEN_RESPONSE_EARLY,0.131067961165049,0.192747001713307,0.191892240384838,-0.292688258314958,-1.19714457927519,112,MYC|FKBP5|MYBBP1A|FCMR|MINDY1|AKAP1|FLNB|CISH|IL6ST|TIAM1|NCOR2|AQP3|AFF1|ITPK1|ABHD2|FASN|SH3BP5|ADD3|NRIP1|IGF1R|LRIG1|BCL2|SLC26A2|SLC2A1|CANT1|SLC16A1|AMFR|MED13L|RARA|FKBP4|ABLIM1|CELSR2|KDM4B|TJP3|RASGRP1|SLC7A5|MICB|MAST4,0.192747001713307,0.211399937362982,Evaluated,ESTROGEN RESPONSE EARLY
CD4_NC,HALLMARK_ESTROGEN_RESPONSE_LATE,0.00813753844136095,0.0226042734482249,0.380730400722792,0.369484140195773,1.44327970388187,103,AREG|FOS|SGK1|S100A9|KLF4|MDK|RAB31|ZFP36|NXT1|HPRT1|DUSP2|GLA|BTG3|SORD|CD9|COX6C|SERPINA1|CKB|ID2|ALDH3B1|IMPA2|BLVRB|SIAH2|FABP5|GALE|ETFB|DYNLT3|TSPAN13|DCXR|CLIC3|BAG1|PRSS23|TOB1|PPIF,0.0226042734482249,0.0246592073980635,Evaluated,ESTROGEN RESPONSE LATE
CD4_NC,HALLMARK_FATTY_ACID_METABOLISM,0.052013422818792,0.104026845637584,0.257206466468838,0.326293248692956,1.30955653504162,123,MIF|G0S2|GABARAPL1|CD36|LGALS1|BPHL|S100A10|ACADVL|HSD17B11|SUCLG1|CA6|DECR1|OSTC|REEP6|SDHC|GSTZ1|MDH2|HSD17B10|PTS|HPGD|IDH3G|LDHA|MDH1|CD1D|BLVRA|PRDX6|ENO2|UROS|ODC1|ACAA2|BCKDHB|UBE2L6|ALDH1A1|TP53INP2|HADHB|D2HGDH|ECHS1|PSME1|PCBD1|IDI1|UROD|SUCLG2|ENO3|HSP90AA1|NTHL1|ACAT2,0.104026845637584,0.106149842487331,Evaluated,FATTY ACID METABOLISM
CD4_NC,HALLMARK_G2M_CHECKPOINT,0.00169130496256693,0.00768774982984967,0.45505986738723,-0.349874060192944,-1.50770683093112,153,MCM3|UPF1|MYC|G3BP1|NUP50|LBR|LIG3|RBM14|SUV39H1|SMC1A|SMAD3|SLC7A1|NUP98|TGFB1|NUMA1|SS18|TLE3|TACC3|PML|CTCF|MCM6|LMNB1|TOP1|MAPK14|SRSF1|CCNF|E2F2|SMC2|ILF3|CUL1|GSPT1|ABL1|DKC1|CDC25B|NOTCH2|RPA2|MCM2|NOLC1|HNRNPU|RACGAP1|PDS5B|CUL3|SYNCRIP|SLC7A5|PURA|BRCA2,0.00768774982984967,0.00939613868092737,Evaluated,G2M CHECKPOINT
CD4_NC,HALLMARK_GLYCOLYSIS,0.0367007260307575,0.0834107409789942,0.321775918075361,0.327507425801193,1.32076705206371,129,MIF|IER3|GLCE|TXN|CXCR4|GLRX|SLC25A13|IL13RA1|PPIA|PYGL|VEGFA|IRS2|VCAN|SRD5A3|PGK1|TGFBI|TALDO1|NDUFV3|AKR1A1|SOD1|RBCK1|FAM162A|GUSB|SDHC|MDH2|GALE|ENO1|CYB5A|LDHA|PGLS|HSPA5|TPI1|MDH1|ANG,0.0834107409789942,0.0834107409789942,Evaluated,GLYCOLYSIS
CD4_NC,HALLMARK_HEDGEHOG_SIGNALING,0.108225108225108,0.186595014181221,0.199915231309662,-0.509313497994515,-1.39437911590718,16,MYH9|TLE3|PML|AMOT|PTCH1|LDB1|ETS2|CDK5R1|NF1,0.186595014181221,0.196772924045651,Evaluated,HEDGEHOG SIGNALING
CD4_NC,HALLMARK_HEME_METABOLISM,0.340909090909091,0.426136363636364,0.115734447701689,-0.24654147686337,-1.05168718910817,141,ADD1|RBM5|FOXJ2|LRP10|MINPP1|ALDH6A1|MKRN1|TOP1|NEK7|XPO7|AQP3|E2F2|ALAD|CDR2|EPB41|CLCN3|DMTN|FBXO34|SLC2A1|GAPVD1|TRAK2|NFE2L1|BTRC|SLC10A3|CPOX|LPIN2|NCOA4|KDM7A|GCLC,0.426136363636364,0.452811283671818,Evaluated,HEME METABOLISM
CD4_NC,HALLMARK_HYPOXIA,0.000314683531211759,0.00224773950865542,0.49849310876659,0.412763917326029,1.6623426414694,126,MIF|FOS|TNFAIP3|CDKN1A|NFIL3|MT2A|IER3|DDIT3|ATF3|SLC2A3|ZFP36|S100A4|CXCR4|DUSP1|PLAUR|JUN|ADM|GLRX|PLAC8|HMOX1|MAFF|VEGFA|PPP1R15A|IRS2|MT1E|PRDX5|PGK1|TGFBI|FBP1|FAM162A|SIAH2|ENO1|TIPARP|GAPDH|LDHA|HSPA5|TPI1,0.00224773950865542,0.002622362760098,Evaluated,HYPOXIA
CD4_NC,HALLMARK_IL2_STAT5_SIGNALING,0.122112211221122,0.190800330033003,0.161978948883402,0.292735471088814,1.20533611120994,148,NFKBIZ|GPX4|CD83|MXD1|ITGAE|GABARAPL1|NFIL3|MAP3K8|ICOS|HOPX|RHOB|SLC2A3|CST7|GADD45B|CD86|IFITM3|ARL4A|MAFF|GSTO1|PRNP|CTSZ|CD48|GLIPR2|IKZF2,0.190800330033003,0.203520352035204,Evaluated,IL2 STAT5 SIGNALING
CD4_NC,HALLMARK_IL6_JAK_STAT3_SIGNALING,0.0437062937062937,0.0950136819702037,0.287857117255149,0.388713956117665,1.40019368473047,60,IL1B|MAP3K8|CD36|LTBR|CSF3R|JUN|CCR1|HMOX1|IL13RA1|CD9|TNF|CD14|GRB2|IFNGR2|SOCS3,0.0950136819702037,0.0950136819702037,Evaluated,IL6 JAK STAT3 SIGNALING
CD4_NC,HALLMARK_INFLAMMATORY_RESPONSE,1.41179334465876e-05,0.000141179334465876,0.593325476396405,0.458047264291947,1.83834262803245,123,RGS1|IL1B|MXD1|CDKN1A|C5AR1|OSM|NFKBIA|CXCL8|IFITM1|BEST1|HBEGF|CSF3R|PTAFR|CD69|CYBB|FFAR2|RIPK2|PLAUR|FPR1|ADM|BTG2|AQP9|SLC31A2|TIMP1|CD14|CCL5|SLC31A1|NAMPT|CD48|IFNGR2|LYN|SLC11A2|LY6E|IL15|CD82|NMI|IL18|DCBLD2,0.000141179334465876,0.000176474168082345,Evaluated,INFLAMMATORY RESPONSE
CD4_NC,HALLMARK_INTERFERON_ALPHA_RESPONSE,0.429951690821256,0.524331330269825,0.0982123351217438,-0.257052788248837,-1.01535117341141,89,OGFR|ADAR|IRF2|TMEM140|DDX60|UBA7|TRIM21|PARP14|TRAFD1|TRIM26|GBP2|TRIM25|TRIM14|TRIM5|HELZ2|PARP12,0.524331330269825,0.530804556569452,Evaluated,INTERFERON ALPHA RESPONSE
CD4_NC,HALLMARK_INTERFERON_GAMMA_RESPONSE,0.129659643435981,0.192747001713307,0.155241966228839,0.282335201667031,1.19483692310889,179,TNFAIP3|HLA-A|CDKN1A|MT2A|NFKBIA|PTGS2|CD69|IFI30|RIPK2|HLA-DMA|FPR1|CD86|IFITM3|ARL4A|PSMB2|HLA-B|XCL1|CCL5|B2M|PSME2|PSMB9|BANK1|IFI35|FCGR1A|UPP1|NAMPT|HLA-DQA1|SERPING1|PSMB8|VAMP5|TNFAIP2|SOD2|PSMA2|SOCS3|IFITM2|RBCK1|SECTM1|LY6E|IL15|CSF2RB|HLA-DRB1|NMI|PSMB10|SP110|CMTR1|ICAM1|IRF8|GZMA|VAMP8|SRI|CASP8|SLC25A28|UBE2L6|CASP4|CD74|SLAMF7,0.192747001713307,0.211399937362982,Evaluated,INTERFERON GAMMA RESPONSE
CD4_NC,HALLMARK_KRAS_SIGNALING_DN,0.195348837209302,0.25703794369645,0.151148761385484,-0.323598543076061,-1.17117329835519,55,KMT2D|CLSTN3|PDCD1|MFSD6|MAST3|IDUA|SLC5A5|PTPRJ,0.25703794369645,0.284487385936661,Evaluated,KRAS SIGNALING DN
CD4_NC,HALLMARK_KRAS_SIGNALING_UP,0.00243281432179872,0.010136726340828,0.431707695803346,0.384620615137092,1.52159339070823,114,TNFAIP3|DUSP6|IL1B|G0S2|FCER1G|CTSS|KLF4|HBEGF|PTGS2|CXCR4|PLAUR|GLRX|GADD45G|F13A1|BIRC3|TRIB1|LAT2|PPP1R15A|ID2|LY96|PSMB8|HDAC9|LAPTM5|MAFB|TSPAN13|ATG10|DCBLD2|RBM4|CD37|EVI5|TMEM176B,0.010136726340828,0.0121640716089936,Evaluated,KRAS SIGNALING UP
CD4_NC,HALLMARK_MITOTIC_SPINDLE,2.39057286964827e-10,3.98428811608045e-09,0.814035837847908,-0.5029673840471,-2.17397887197996,159,FLNA|MYH9|PXN|SPTAN1|PREX1|LRPPRC|SUN2|ARHGEF2|SPTBN1|ABR|MAP1S|SMC1A|MYO9B|CKAP5|LLGL1|FLNB|NUMA1|CEP250|GEMIN4|LMNB1|TAOK2|ARHGAP27|PLEKHG2|TIAM1|DOCK2|MID1IP1|NIN|EZR|ARFGEF1|ACTN4|CSNK1D|EPB41|AKAP13|VCL|NEDD9|ARHGEF11|PCNT|ABL1|ARHGAP5|TUBGCP2|NOTCH2|ARHGEF7|CLIP2|TUBGCP3|NET1|STAU1|PCM1|CEP72|KATNB1|RACGAP1|HDAC6|MAP3K11|CDK5RAP2|PKD2|BCL2L11|ARL8A|STK38L|PPP4R2|RAPGEF6|ARHGEF3|CEP131|BRCA2|LATS1|ALMS1|YWHAE,3.98428811608045e-09,4.78114573929654e-09,Evaluated,MITOTIC SPINDLE
CD4_NC,HALLMARK_MTORC1_SIGNALING,0.070840197693575,0.131185551284398,0.216542836735348,0.294160802664534,1.23832823001427,177,CDKN1A|NFIL3|SERP1|DDIT3|SDF2L1|SLC2A3|IFI30|CXCR4|FKBP2|DDX39A|SEC11A|HPRT1|GLRX|SRD5A1|GLA|BTG2|SORD|CTSC|CD9|PNO1|PPIA|UFM1|CACYBP|PPP1R15A|ATP5MC1|NAMPT|PGK1|MTHFD2L|IFRD1|SKAP2|UBE2D3|PSMD13|ENO1|GAPDH|HSP90B1|ETF1|LDHA|HSPA5|TPI1|EBP|STARD4|PSMA4|DDIT4|CFP|BHLHE40|MLLT11|PSMD14|PITPNB|INSIG1|EEF1E1|HMBS,0.131185551284398,0.133660750365236,Evaluated,MTORC1 SIGNALING
CD4_NC,HALLMARK_MYC_TARGETS_V1,0.00643810681667746,0.020826720503764,0.407017918923954,0.331906004544127,1.40977861201043,191,TRA2B|MRPL23|COX5A|PSMB3|SRSF7|SSBP1|C1QBP|HPRT1|DUT|SRSF3|SNRPA1|EIF4A1|CYC1|UBE2L3|PSMD8|PPIA|PSMB2|SNRPB2|MRPL9|RPL6|RPS3|CBX3|RPLP0|RPL22|VDAC3|LSM7|NHP2|TXNL4A|PHB2|PSMA2|SNRPD3|PGK1|SNRPD2|SNRPD1|VDAC1|NDUFAB1|RPS2|IFRD1|RPS6|PSMA1|PA2G4|SNRPG|STARD7|RACK1|RPL14|ACP1|ETF1|LDHA|KPNA2|LSM2|PSMA4|MAD2L1|SNRPA|ODC1|GLO1|NOP56|PRPF31|UBE2E1|SSB|RPL34|PSMD14,0.020826720503764,0.0222003683333706,Evaluated,MYC TARGETS V1
CD4_NC,HALLMARK_MYC_TARGETS_V2,0.465277777777778,0.553902116402116,0.0911073131586733,-0.27325133985988,-0.993637840183112,56,PPRC1|MYC|GRWD1|MYBBP1A|PPAN|HK2|FARSA,0.553902116402116,0.547735618115055,Evaluated,MYC TARGETS V2
CD4_NC,HALLMARK_MYOGENESIS,0.571428571428571,0.664451827242525,0.0642140881844605,0.246908141729088,0.945222682783015,89,CDKN1A|CD36|HBEGF|IGFBP7|PDLIM7|GADD45B|PLXNB2|PRNP|CKB|MYOM2|GABARAPL2|MEF2C|IFRD1|CFD|COL6A2|GSN|OCEL1|TPM2|BAG1|DMPK|BHLHE40|ADCY9,0.664451827242525,0.642054574638844,Evaluated,MYOGENESIS
CD4_NC,HALLMARK_NOTCH_SIGNALING,0.329621380846325,0.422591513905545,0.109684061970549,-0.382762676746846,-1.08318726386298,19,NOTCH1|ARRB1|DTX2|CUL1|DTX1|NOTCH2|FBXW11,0.422591513905545,0.451536138145651,Evaluated,NOTCH SIGNALING
CD4_NC,HALLMARK_OXIDATIVE_PHOSPHORYLATION,2.18986215798961e-15,5.47465539497403e-14,1.00731795687447,0.550614709918929,2.34970843259259,196,UQCRFS1|GPX4|NDUFS7|COX5A|CYCS|COX7B|NDUFA4|ATP5F1C|NDUFA2|NDUFB6|MRPS15|ATP6V0B|COX7A2|ATP5PF|TCIRG1|UQCRB|TIMM9|ATP5F1D|UQCRQ|NDUFA1|NDUFS8|BAX|NDUFS6|TIMM50|UQCRH|ATP5F1E|MRPL34|MPC1|COX7A2L|MRPS11|NDUFB4|CYC1|ATP5MC3|NDUFB7|RHOT2|ACADVL|TOMM22|COX6C|NDUFA6|ATP6V1G1|NDUFA5|ATP5MC1|SLC25A4|ATP5MC2|COX6A1|MRPL11|VDAC3|MRPS30|SUCLG1|NDUFB2|ATP5MG|COX17|NQO2|NDUFB3|PHB2|ATP6V1F|MTX2|MGST3|UQCR10|NDUFS4|DECR1|VDAC1|NDUFAB1|COX5B|ISCA1|SDHC|TIMM10|ATP5PD|MDH2|ETFB|PHYH|COX6B1|ATP6V0E1|COX8A|CYB5A|HSD17B10|ETFA|COX7C|NDUFA3|COX4I1|TIMM13|IDH3G|LDHA|COX11|GRPEL1|MDH1|SDHB|SURF1|MRPS12|VDAC2|NDUFA8|ATP5PB|ACAA2|MRPS22|POLR2F|NDUFC1|FXN|NDUFB1|NDUFV1|UQCRC2,5.47465539497403e-14,7.29954052663204e-14,Evaluated,OXIDATIVE PHOSPHORYLATION
CD4_NC,HALLMARK_P53_PATHWAY,7.12498090647141e-06,8.90622613308926e-05,0.610526878385931,0.432369379749558,1.79610668326817,158,SAT1|FOS|MXD1|PVT1|CDKN1A|RPS27L|CTSD|GADD45A|IER3|NINJ1|DDIT3|KLF4|ATF3|PLK2|HBEGF|S100A4|IFI30|HINT1|JUN|CGRRF1|PLXNB2|RPS12|BAX|TPRKB|S100A10|BTG2|NUDT15|HMOX1|DRAM1|CDKN2A|RNF19B|ADA|PPP1R15A|UPP1|PMM1|RXRA|ZNF365|FAM162A|TRIAP1|DNTTIP2|RAD51C|CD82|CEBPA|RACK1|ZMAT3|RPL36|EPS8L2|SLC3A2|EI24|F2R|DDIT4|DCXR|TOB1,8.90622613308926e-05,0.00010178544152102,Evaluated,P53 PATHWAY
CD4_NC,HALLMARK_PANCREAS_BETA_CELLS,0.144212523719165,0.200295171832174,0.159646701919906,0.502765356572023,1.28678453730339,14,SPCS1|SEC11A|SRP14|MAFB,0.200295171832174,0.222705746832203,Evaluated,PANCREAS BETA CELLS
CD4_NC,HALLMARK_PEROXISOME,0.962003454231434,0.962003454231434,0.0407403526717903,0.193314608852531,0.728985953543677,80,FIS1|GSTK1|TSPO|ERCC1|SLC25A4|PRDX5|HSD17B11|PEX2|SOD2|SOD1|ITGB1BP1,0.962003454231434,0.962003454231434,Evaluated,PEROXISOME
CD4_NC,HALLMARK_PI3K_AKT_MTOR_SIGNALING,0.115942028985507,0.188842796111696,0.204294756516886,-0.311870229438331,-1.23187850079167,89,PLCG1|RPS6KA1|CALR|PTEN|CLTC|TNFRSF1A|EIF4E|TIAM1|RIPK1|MYD88|TRIB3|RPTOR|MAP3K7|PRKCB|MKNK2|PIKFYVE|LCK|SLC2A1|SLA|FASLG|PAK4|NOD1|DAPP1|MAPK1|MAP2K3|CAB39|ATF1|ACTR3|TSC2|RAF1|STAT2|GSK3B|PRKAR2A,0.188842796111696,0.201296348484238,Evaluated,PI3K AKT MTOR SIGNALING
CD4_NC,HALLMARK_PROTEIN_SECRETION,0.93398533007335,0.953046255176887,0.0580983576873206,-0.192816895374629,-0.758789773546999,88,COPB2|ARFGEF2|IGF2R|AP2B1|NAPA|ADAM10|CLTC|ARFGEF1|CLCN3|SEC24D|GBF1|ATP1A1|ARCN1,0.953046255176887,0.943419525326616,Evaluated,PROTEIN SECRETION
CD4_NC,HALLMARK_REACTIVE_OXYGEN_SPECIES_PATHWAY,0.00109183208515986,0.00600377391172249,0.45505986738723,0.525022572253557,1.7789247722909,46,GPX4|FTL|JUNB|TXN|PDLIM1|CDKN2D|ATOX1|MGST1|GLRX|NDUFB4|MSRA|LAMTOR5|PRNP|NDUFA6|SOD2|SOD1|HHEX|TXNRD2|SELENOS|PRDX6,0.00600377391172249,0.00692490562180769,Evaluated,REACTIVE OXYGEN SPECIES PATHWAY
CD4_NC,HALLMARK_SPERMATOGENESIS,0.860670194003527,0.915606589365455,0.046788296531803,0.220571446051471,0.775545432959969,54,ARL4A|VDAC3|PARP2|PHKG2|TALDO1|CDKN3|PEBP1|RPL39L|RAD17|IFT88|MLF1|RFC4|PCSK1N|ACRBP,0.915606589365455,0.887288859797451,Evaluated,SPERMATOGENESIS
CD4_NC,HALLMARK_TGF_BETA_SIGNALING,0.135254988913526,0.193221412733608,0.179782316298324,-0.366914306485983,-1.27034131522654,43,ID3|SPTBN1|CTNNB1|SMAD3|PPM1A|TGFB1|HIPK2|NCOR2|ACVR1|HDAC1|TGFBR1|MAP3K7,0.193221412733608,0.214690458592898,Evaluated,TGF BETA SIGNALING
CD4_NC,HALLMARK_TNFA_SIGNALING_VIA_NFKB,5.82443797026295e-23,2.91221898513147e-21,1.23789667319529,0.650983078255399,2.70425037551519,158,AREG|NR4A2|SAT1|FOS|TNFAIP3|IL1B|CD83|G0S2|MXD1|SGK1|EIF1|CDKN1A|NFIL3|MAP3K8|NFKBIA|GADD45A|JUNB|MARCKS|IER3|NINJ1|CCNL1|FOSB|KLF4|ATF3|PLK2|EGR2|HBEGF|NR4A1|CXCL2|PTGS2|RHOB|PLEK|SLC2A3|ZFP36|CD69|EGR1|IL23A|DUSP1|RIPK2|PLAUR|JUN|GADD45B|DUSP2|BTG3|PHLDA2|BTG2|PTX3|SLC2A6|BIRC3|MAFF|TRIB1|DRAM1|ZC3H12A|BCL2A1|RNF19B|TNF|VEGFA|CCL5|PPP1R15A|TUBB2A|IRS2|HES1|ID2|CCL4|DUSP4|NAMPT|REL|NFKBIE|PER1|IFNGR2|ZBTB10|TNFAIP2|SOD2|SOCS3|IER2|KLF10,2.91221898513147e-21,5.82443797026295e-21,Evaluated,TNFA SIGNALING VIA NFKB
CD4_NC,HALLMARK_UNFOLDED_PROTEIN_RESPONSE,0.594957983193277,0.676088617265088,0.0617054053637523,0.240314127978368,0.94227184521641,104,ATF4|SERP1|ATF3|SPCS1|SEC11A|DNAJB9|EIF4A1|EIF4EBP1|LSM1|VEGFA|TUBB2A|KIF5B|NHP2|LSM4|RPS14|CNOT2|DCP2|PARN|HSP90B1|YIF1A|HSPA5,0.676088617265088,0.661064425770308,Evaluated,UNFOLDED PROTEIN RESPONSE
CD4_NC,HALLMARK_UV_RESPONSE_DN,0.00666455056120448,0.020826720503764,0.407017918923954,-0.380604893262269,-1.48551465857868,84,MYC|ERBB2|DBP|SMAD3|SLC7A1|FYN|PTEN|TGFBR2|CDK13|MAPK14|NEK7|PRDM2|PIK3CD|ADD3|IGF1R|CELF2|AKT3|ZMIZ1|ATP2B4|NOTCH2|IRS1|RUNX1|SPOP|WDR37|SFMBT1|PHF3|ATRN|SIPA1L1|PTPRM|NFKB1|SCAF8|SYNE1|CITED2|NR1D2|INPP4B|DYRK1A|PRKCA|LDLR|PRKAR2B,0.020826720503764,0.0222151685373483,Evaluated,UV RESPONSE DN
CD4_NC,HALLMARK_UV_RESPONSE_UP,0.0114371151722237,0.030097671505852,0.380730400722792,0.364024466472088,1.44201081590792,115,FOS|MRPL23|NFKBIA|JUNB|FOSB|ATF3|NR4A1|CXCL2|DNAJB1|RHOB|AP2S1|BTG3|BTG2|HMOX1|CREG1|SELENOW|APOM|SLC25A4|PARP2|LYN|POLR2H|ATP6V1F|SOD2|AMD1,0.030097671505852,0.0326774719206393,Evaluated,UV RESPONSE UP
CD4_NC,HALLMARK_WNT_BETA_CATENIN_SIGNALING,0.000157245569674498,0.00131037974728748,0.518848077743792,-0.628149992560287,-1.94265426332669,28,MYC|MAML1|CTNNB1|LEF1|NOTCH1|DVL2|NCOR2|CCND2|TCF7|CUL1|AXIN1|PTCH1,0.00131037974728748,0.00142950517885907,Evaluated,WNT BETA CATENIN SIGNALING
CD4_NC,HALLMARK_XENOBIOTIC_METABOLISM,0.0579470198675497,0.111436576668365,0.241339976815091,0.322863832307587,1.28857726533772,117,GABARAPL1|MT2A|NINJ1|CD36|CDA|HPRT1|BPHL|ALDH2|DDT|AQP9|HMOX1|SPINT2|GSTO1|SLC35B1|ID2|UPP1|PMM1|AKR1C3|BLVRB|FBP1|KYNU|SERTAD1|CYB5A|COMT|PTS|ACP1|HACL1|PSMB10|TMEM176B|DCXR|DHRS7|CDO1|JUP|GSS|IRF8|LCAT,0.111436576668365,0.113621607583431,Evaluated,XENOBIOTIC METABOLISM
CD8_NC,HALLMARK_ADIPOGENESIS,0.04,0.0869565217391304,0.282013350011725,0.370578011939078,1.35654022227172,106,UBC|COX7B|GPX4|COX6A1|DNAJC15|DECR1|TALDO1|UQCRQ|CD36|CYC1|UQCR10|ETFB|MGST3|SDHC|DNAJB9|BCL2L13|DDT|COX8A|SUCLG1|ATP1B3|SOD1|REEP5|NDUFB7|PEMT|MDH2,0.0869565217391304,0.0888888888888889,Evaluated,ADIPOGENESIS
CD8_NC,HALLMARK_ALLOGRAFT_REJECTION,0.0150296285757497,0.0395516541467098,0.380730400722792,0.386214245904041,1.41686348020552,110,IL1B|SRGN|HLA-DRA|LY86|HLA-A|LYN|IGSF6|RPS9|SPI1|GZMB|CTSS|CCL4|HLA-DQA1|HLA-DMB|HLA-DMA|RPS19|RPS3A|B2M|CAPG|CD3D|AKT1|NCF4|RPL9|PF4|CD74|CD8B|CCL5|NME1|CD3E|IFNGR2|TIMP1|RPL39|UBE2N|CD79A|CRTAM|UBE2D1,0.0395516541467098,0.0395516541467098,Evaluated,ALLOGRAFT REJECTION
CD8_NC,HALLMARK_ANDROGEN_RESPONSE,0.144758735440932,0.247440273037543,0.148261500475107,0.387731212472931,1.24493046892764,51,SAT1|SGK1|ZBTB10|SRP19|DBI|PA2G4|DNAJB9|B2M|ADRM1|AKT1|TMEM50A,0.247440273037543,0.222705746832203,Evaluated,ANDROGEN RESPONSE
CD8_NC,HALLMARK_ANGIOGENESIS,0.218216318785579,0.340962998102467,0.126875729929857,0.606320579401048,1.24483628190134,7,S100A4|VCAN|PF4|TIMP1|LRPAP1,0.340962998102467,0.311737598265113,Evaluated,ANGIOGENESIS
CD8_NC,HALLMARK_APICAL_JUNCTION,0.00474838141097428,0.0197968797154594,0.407017918923954,-0.441851666132219,-1.61060107313798,63,MYH9|PTEN|SHC1|ZYX|MAPK14|ACTN1|PTPRC|GTF2F1|PLCG1|PIK3CB|YWHAH|VASP|LDLRAP1|MAPK13|AMIGO2|AKT2|CAP1|CNN2|ARHGEF6|VCL|DLG1|PECAM1|NF1|CDK8,0.0197968797154594,0.0182740428142702,Evaluated,APICAL JUNCTION
CD8_NC,HALLMARK_APICAL_SURFACE,0.832962138084633,0.832962138084633,0.0590954798717342,-0.285332875283583,-0.74363230436074,15,CRYBG1|NCOA6|ADAM10|IL2RB,0.832962138084633,0.876802250615403,Evaluated,APICAL SURFACE
CD8_NC,HALLMARK_APOPTOSIS,0.00110798489948923,0.0079141778534945,0.45505986738723,0.460853745410612,1.63303633466629,88,IL1B|SAT1|IFITM3|CD14|GPX4|TSPO|IER3|RHOT2|JUN|GADD45B|CD69|MGMT|BAX|SOD2|ENO2|DDIT3|GPX1|LGALS3|BTG3|BIRC3|BTG2|SOD1|HMGB2|XIAP|HSPB1|TIMP1|DPYD|PAK1|DNM1L|CASP4|CASP6,0.0079141778534945,0.00692490562180769,Evaluated,APOPTOSIS
CD8_NC,HALLMARK_BILE_ACID_METABOLISM,0.751700680272109,0.799681574757563,0.0513223330421143,0.291312732160982,0.811348284263224,23,HSD17B11|PRDX5|SOD1|GSTK1,0.799681574757563,0.826044703595724,Evaluated,BILE ACID METABOLISM
CD8_NC,HALLMARK_CHOLESTEROL_HOMEOSTASIS,0.148464163822526,0.247440273037543,0.148261500475107,0.466659526887988,1.28827782056325,22,ANXA5|LGALS3|S100A11|ETHE1|GUSB,0.247440273037543,0.224945702761402,Evaluated,CHOLESTEROL HOMEOSTASIS
CD8_NC,HALLMARK_COAGULATION,0.286467486818981,0.421275715910266,0.103576326612592,0.392944503519254,1.11648224139099,27,SERPINA1|PLEK|CTSH|MSRB2|PF4|KLF7|TIMP1,0.421275715910266,0.397871509470806,Evaluated,COAGULATION
CD8_NC,HALLMARK_COMPLEMENT,0.00391830953341997,0.0197968797154594,0.407017918923954,0.432414341002025,1.54993542261843,92,S100A9|TNFAIP3|FCER1G|FCN1|LYN|S100A12|GZMB|CTSS|SERPINA1|PLEK|CDA|ATOX1|CD36|CTSH|GRB2|ANXA5|LGALS3|CTSD|CTSC|RCE1|CALM1|PFN1|HSPA5|CCL5|ZEB1|USP8|TIMP1|AKAP10,0.0197968797154594,0.0170361284061738,Evaluated,COMPLEMENT
CD8_NC,HALLMARK_DNA_REPAIR,0.00575660317246187,0.0210331548391597,0.407017918923954,0.411445707485348,1.50091892904213,101,GPX4|DAD1|ITPA|GTF2A2|CDA|POLR2F|NME4|COX17|VPS28|APRT|ERCC1|ADRM1|SURF1|RPA3|EDF1|TAF12|EIF1B|NT5C3A|POLR2G|NME3|GMPR2|MRPL40|MPC2|POLR2J|POLR2I|POLR2K|NME1|DUT|DGUOK|POLR1D|PRIM1|SUPT4H1|TAF9|POLE4|UPF3B|GUK1|BCAP31|MPG,0.0210331548391597,0.0210331548391597,Evaluated,DNA REPAIR
CD8_NC,HALLMARK_E2F_TARGETS,0.523121387283237,0.568610203568736,0.0972150808846466,-0.245737983368617,-0.96464311945802,105,MCM3|PRKDC|NCAPD2|CNOT9|NBN|ASF1A|MYC|GSPT1|LBR|PRPS1|TUBB|ILF3|PSIP1|CBX5|EED|SMC1A|TACC3|ORC2|SLBP,0.568610203568736,0.594456121912769,Evaluated,E2F TARGETS
CD8_NC,HALLMARK_EPITHELIAL_MESENCHYMAL_TRANSITION,0.00729403466596912,0.0243134488865637,0.407017918923954,0.553257590880122,1.66810707463098,35,TNFAIP3|SAT1|CXCL8|LGALS1|GLIPR1|JUN|GADD45B|ID2|ENO2|CAPG|MCM7|VCAN|GPX7,0.0243134488865637,0.0227938583311535,Evaluated,EPITHELIAL MESENCHYMAL TRANSITION
CD8_NC,HALLMARK_ESTROGEN_RESPONSE_EARLY,0.0224041916613604,0.056010479153401,0.352487857583619,-0.436956587063843,-1.50622152080322,48,FKBP5|CISH|FCMR|ABHD2|NCOR2|SH3BP5|RASGRP1|ISG20L2|MYC|TIAM1|MED13L|ABLIM1|NRIP1|MYBBP1A|FLNB|AFF1|AQP3|AKAP1|ADD3|ELOVL5|FKBP4|RARA|AMFR|IL6ST,0.056010479153401,0.056010479153401,Evaluated,ESTROGEN RESPONSE EARLY
CD8_NC,HALLMARK_ESTROGEN_RESPONSE_LATE,0.0240440063987646,0.057247634282773,0.352487857583619,0.451443697878869,1.43174816575428,49,FOS|S100A9|SGK1|ZFP36|DUSP2|SERPINA1|ID2|COX6C|ETFB|NXT1|BTG3,0.057247634282773,0.0586439180457674,Evaluated,ESTROGEN RESPONSE LATE
CD8_NC,HALLMARK_FATTY_ACID_METABOLISM,0.0509554140127389,0.106157112526539,0.252961123069611,0.395651531842759,1.3583607042825,75,MIF|LGALS1|S100A10|DECR1|CD36|ENO2|HSD17B11|SDHC|HSD17B10|SUCLG1|OSTC|LDHA|SUCLG2|HADHB|MDH2|ODC1|PRDX6,0.106157112526539,0.106149842487331,Evaluated,FATTY ACID METABOLISM
CD8_NC,HALLMARK_G2M_CHECKPOINT,0.00472543960829691,0.0197968797154594,0.407017918923954,-0.381332261958521,-1.49727369622999,101,MCM3|UPF1|SMAD3|TGFB1|LIG3|RBM14|TOP1|G3BP1|CHMP1A|NUP50|MYC|MAPK14|GSPT1|NUMA1|LBR|PURA|ILF3|HNRNPU|TNPO2|PRMT5|PML|CDC27|SLC38A1|SMC1A|TACC3|CUL4A|HSPA8|TLE3|RPS6KA5|CUL3|LMNB1|HIF1A|SS18|NOLC1|NSD2,0.0197968797154594,0.0182740428142702,Evaluated,G2M CHECKPOINT
CD8_NC,HALLMARK_GLYCOLYSIS,0.00180165488799777,0.0112603430499861,0.45505986738723,0.475373354650731,1.62679783618294,72,MIF|IER3|TALDO1|AKR1A1|ENO2|GLRX|TXN|SDHC|PPIA|LHPP|STMN1|CXCR4|VCAN|SOD1|NDUFV3|LDHA|GUSB|PGLS|HAX1|CYB5A|TPI1|MDH2|HSPA5,0.0112603430499861,0.00948239414735671,Evaluated,GLYCOLYSIS
CD8_NC,HALLMARK_HEDGEHOG_SIGNALING,0.0631578947368421,0.121457489878543,0.261663521711573,-0.71931326318795,-1.47869352083712,7,MYH9|LDB1|PML|TLE3|NF1,0.121457489878543,0.121457489878543,Evaluated,HEDGEHOG SIGNALING
CD8_NC,HALLMARK_HEME_METABOLISM,0.112637362637363,0.208587708587709,0.222056046145248,-0.314278046211036,-1.21599170516696,92,NEK7|ADD1|RBM38|TOP1|SLC10A3|XPO7|TRAK2|HDGF|MKRN1|RNF19A|RBM5|CDC27|SDCBP|LPIN2|KDM7A|AQP3|ADIPOR1|FOXJ2|GAPVD1|EZH1|EPB41|DCAF11|LRP10|VEZF1|NARF|SYNJ1|HAGH|ALAD|CDR2|ACSL6|FBXO34|NFE2L1|SLC25A37,0.208587708587709,0.201138147566719,Evaluated,HEME METABOLISM
CD8_NC,HALLMARK_HYPOXIA,4.25081406725064e-05,0.000511114866058124,0.557332238758646,0.538477955075617,1.84871594175405,75,MIF|FOS|MT2A|TNFAIP3|PPP1R15A|DUSP1|ZFP36|IER3|JUN|MT1E|KLF6|S100A4|ENO2|DDIT3|GLRX|PRDX5|ANXA2|CXCR4|PLAC8|LDHA|TPI1|KLF7|HSPA5|KDM3A|SLC2A3|ENO1|CCNG2|GAPDH,0.000511114866058124,0.00047231267413896,Evaluated,HYPOXIA
CD8_NC,HALLMARK_IL2_STAT5_SIGNALING,0.377235772357724,0.483635605586825,0.083129129135339,0.300197093209933,1.04137651494428,82,NFKBIZ|IFITM3|GPX4|GADD45B|KLF6|GSTO1|PRAF2|ICOS|CAPG|CTSZ|CD48|PRNP|GLIPR2|CST7|ODC1|SLC2A3,0.483635605586825,0.477513635895853,Evaluated,IL2 STAT5 SIGNALING
CD8_NC,HALLMARK_IL6_JAK_STAT3_SIGNALING,0.343383584589615,0.471168497874729,0.0899860794997137,0.36117296229882,1.09066038234375,36,IL1B|CD14|JUN|CD36|GRB2|CSF3R|HAX1|PF4,0.471168497874729,0.452811283671818,Evaluated,IL6 JAK STAT3 SIGNALING
CD8_NC,HALLMARK_INFLAMMATORY_RESPONSE,0.0142884248952457,0.0395516541467098,0.380730400722792,0.441692557666491,1.48946342183239,66,IL1B|NFKBIA|CXCL8|RGS1|CD14|LYN|IFITM1|CD69|NAMPT|KLF6|CSF3R|ADRM1|CYBB|FPR1|BTG2|CD48|CCL5|SRI|IFNGR2|TIMP1|NMI,0.0395516541467098,0.0388811963333092,Evaluated,INFLAMMATORY RESPONSE
CD8_NC,HALLMARK_INTERFERON_ALPHA_RESPONSE,0.368831168831169,0.483635605586825,0.112378519110475,-0.284828631571243,-1.04424531074894,67,TRIM26|PARP12|ADAR|IRF2|DDX60|TRAFD1|OGFR|UBA7|PARP9|IFI44|TRIM25|MX1|MOV10|IFIH1|TMEM140|PARP14|CNP,0.483635605586825,0.472860472860473,Evaluated,INTERFERON ALPHA RESPONSE
CD8_NC,HALLMARK_INTERFERON_GAMMA_RESPONSE,0.3486646884273,0.471168497874729,0.0824344091527096,0.281822491675368,1.05479027880453,123,MT2A|TNFAIP3|NFKBIA|IFITM3|HLA-A|IFITM2|HLA-DQA1|CD69|TNFAIP2|HLA-DMA|HLA-B|NAMPT|VAMP5|SOD2|PSMB2|B2M|FPR1|PSME2|SLC25A28|IFI35|HLA-DRB1|CD74|CCL5|PSMB8|SRI|VAMP8|PSMA2|NMI,0.471168497874729,0.452811283671818,Evaluated,INTERFERON GAMMA RESPONSE
CD8_NC,HALLMARK_KRAS_SIGNALING_DN,0.467592592592593,0.535287081339713,0.0908241419007155,-0.354347585062618,-0.987856530432794,19,KMT2D|PTPRJ|MAST3|MX1|CD40LG|MFSD6|SIDT1|CAMK1D,0.535287081339713,0.547735618115055,Evaluated,KRAS SIGNALING DN
CD8_NC,HALLMARK_KRAS_SIGNALING_UP,0.00972252619447973,0.0303828943577492,0.380730400722792,0.479176157330831,1.53854262709496,51,IL1B|TNFAIP3|PPP1R15A|FCER1G|TMEM176B|CTSS|ID2|GLRX|CXCR4|BIRC3,0.0303828943577492,0.0285956652778816,Evaluated,KRAS SIGNALING UP
CD8_NC,HALLMARK_MITOTIC_SPINDLE,4.59051880060098e-07,7.65086466766829e-06,0.674962860011025,-0.508850614416923,-2.00864610399126,107,MYH9|FLNA|SPTBN1|PREX1|PXN|ARHGEF2|MID1IP1|CEP250|SUN2|PPP4R2|SPTAN1|ARHGAP27|SOS1|APC|LATS1|TIAM1|NUMA1|CKAP5|EZR|MAP3K11|PCM1|CSNK1D|ARHGAP5|RABGAP1|CDC27|FLNB|ABR|YWHAE|SMC1A|MYO9B|ARF6|AKAP13|NIN|VCL|EPB41|PCNT|LMNB1|RASA2|DLG1|ARFGEF1|NF1|STK38L|TUBGCP3,7.65086466766829e-06,7.65086466766829e-06,Evaluated,MITOTIC SPINDLE
CD8_NC,HALLMARK_MTORC1_SIGNALING,0.498456790123457,0.553840877914952,0.066132620475844,0.267810043515585,0.986863140777597,115,PPP1R15A|SEC11A|NAMPT|SERP1|DDIT3|GLRX|IFRD1|PPIA|CXCR4|PSMD13|BTG2|CTSC|LDHA|TPI1|HSPA5|SLC2A3|PDAP1|PRDX1|ENO1|GAPDH|RAB1A|HSP90B1|UFM1|CYB5B|SDF2L1|ATP5MC1|SYTL2|UBE2D3|PGK1|TUBA4A|PPA1|CORO1A|PSMB5|FKBP2|PSMA4|PSMC2|HPRT1|IDI1|CFP|UCHL5|ARPC5L|NFKBIB|GSR|TCEA1|CACYBP|LTA4H|INSIG1,0.553840877914952,0.572938839222364,Evaluated,MTORC1 SIGNALING
CD8_NC,HALLMARK_MYC_TARGETS_V1,5.11114866058124e-05,0.000511114866058124,0.557332238758646,0.440950129615843,1.7210386446839,176,TRA2B|MRPL23|PSMD8|C1QBP|RPL22|SNRPD1|CYC1|ACP1|UBE2L3|SRSF3|RPS3|PA2G4|PSMB3|CBX3|IFRD1|RPL6|RPLP0|SSBP1|PSMB2|NOP16|RACK1|RPS2|MCM7|SRSF7|SNRPD2|PPIA|SNRPA|SNRPG|RPL14|GLO1|MAD2L1|PSMD7|SNRPB2|COX5A|RPS6|LDHA|VDAC1|NHP2|RPS5|TUFM|ODC1|MRPL9|EEF1B2|STARD7|RPS10|NME1|PSMA1|DUT|RUVBL2|HNRNPA3|RPL34|DEK|PSMA2|VBP1|LSM7|SNRPD3|EXOSC7|PSMD1|SNRPA1,0.000511114866058124,0.000511114866058124,Evaluated,MYC TARGETS V1
CD8_NC,HALLMARK_MYC_TARGETS_V2,0.453427065026362,0.535287081339713,0.0774767547848578,0.348806082896435,0.998756622390923,29,DUSP2|PA2G4|CBX3|NOP16|WDR74|DDX18|EXOSC5|MRTO4|NDUFAF4|DCTPP1|NPM1,0.535287081339713,0.54629766870646,Evaluated,MYC TARGETS V2
CD8_NC,HALLMARK_MYOGENESIS,0.348148148148148,0.471168497874729,0.112843355675562,-0.315337673690015,-1.03370874868708,39,MYH9|TGFB1|SPTAN1|MEF2D|NOTCH1|ABLIM1|AEBP1|AKT2|VIPR1|FLII|SIRT2|TSC2|APP,0.471168497874729,0.452811283671818,Evaluated,MYOGENESIS
CD8_NC,HALLMARK_NOTCH_SIGNALING,0.413716814159292,0.517146017699115,0.0952879846194844,-0.415168527537208,-1.03431880619398,13,PRKCA|NOTCH1|ARRB1|FBXW11,0.517146017699115,0.517146017699115,Evaluated,NOTCH SIGNALING
CD8_NC,HALLMARK_OXIDATIVE_PHOSPHORYLATION,6.18684121069997e-17,3.09342060534999e-15,1.05746357275086,0.620221047838458,2.42371679490278,177,UQCRFS1|COX7B|NDUFB2|NDUFA2|GPX4|ATP5F1E|COX6A1|NDUFB4|UQCRB|NDUFA4|MRPL34|MRPS15|RHOT2|NDUFA6|DECR1|COX5B|NDUFA1|UQCRH|UQCRQ|COX7A2|CYCS|CYC1|BAX|UQCR10|POLR2F|ATP5PF|COX6C|ATP5MC3|NQO2|ETFB|ATP5MC2|COX6B1|ATP6V0B|COX7C|NDUFS7|COX17|MGST3|ATP6V1G1|TIMM50|ATP5MG|SDHC|ATP5F1D|NDUFB1|NDUFA3|HSD17B10|SURF1|COX8A|NDUFS6|NDUFB3|SUCLG1|MRPS22|MRPS30|COX7A2L|TIMM10|ATP5F1C|AFG3L2|COX5A|COX4I1|MPC1|LDHA|ATP6V1F|VDAC1|COX10|TIMM9|HADHB|CYB5A|NDUFB7|NDUFA8|ATP5PD|FXN|MDH2|NDUFS4|MRPL11|NDUFS8|NDUFB6|ISCA1|TIMM8B|COX11|UQCRC2|ATP5ME|TIMM13|ACADVL|NDUFA9|ATP5MF|MRPL15|ATP5PB|MTRF1|GRPEL1|UQCRC1|ATP5MC1,3.09342060534999e-15,3.09342060534999e-15,Evaluated,OXIDATIVE PHOSPHORYLATION
CD8_NC,HALLMARK_P53_PATHWAY,0.0343181977838219,0.0779959040541407,0.321775918075361,0.382199914179877,1.38378591514935,98,FOS|SAT1|PPP1R15A|IER5|RPS27L|IER3|JUN|S100A10|RPS12|BAX|HINT1|S100A4|DDIT3|PVT1|RPL36|RACK1|TRIAP1|CTSD|BTG2,0.0779959040541407,0.0812981951694294,Evaluated,P53 PATHWAY
CD8_NC,HALLMARK_PANCREAS_BETA_CELLS,0.196296296296296,0.316606929510155,0.132846300606183,0.598742570861285,1.28332536299383,8,SEC11A|SPCS1|SRP14|SRPRB,0.316606929510155,0.284487385936661,Evaluated,PANCREAS BETA CELLS
CD8_NC,HALLMARK_PEROXISOME,0.249174917491749,0.377537753775378,0.108394255853397,0.368306475068136,1.16014891591084,45,FIS1|TSPO|SOD2|HSD17B11|PRDX5|ERCC1|ITGB1BP1|SOD1|GSTK1,0.377537753775378,0.350950588016548,Evaluated,PEROXISOME
CD8_NC,HALLMARK_PI3K_AKT_MTOR_SIGNALING,0.436842105263158,0.532734274711168,0.102449405629826,-0.275537346471477,-1.01370067789571,68,CALR|PTEN|MKNK2|CLTC|EIF4E|RIPK1|RPS6KA1|TIAM1|GSK3B|PLCG1|PIKFYVE|MAPK1|LCK|ITPR2|ATF1|SMAD2|PTPN11|TNFRSF1A|PRKCB|TSC2|MYD88,0.532734274711168,0.532734274711168,Evaluated,PI3K AKT MTOR SIGNALING
CD8_NC,HALLMARK_PROTEIN_SECRETION,0.471052631578947,0.535287081339713,0.0978773277424561,-0.270946539656355,-0.996811119945866,68,IGF2R|COG2|COPB2|CLTC|NAPA|GBF1|AP2B1|SEC22B|ARCN1|TSG101|MAPK1|ADAM10|ATP1A1,0.535287081339713,0.547735618115055,Evaluated,PROTEIN SECRETION
CD8_NC,HALLMARK_REACTIVE_OXYGEN_SPECIES_PATHWAY,0.000745926794058845,0.00621605661715704,0.477270815362862,0.61745945526464,1.82688166779151,33,JUNB|FTL|GPX4|NDUFB4|NDUFA6|ATOX1|SOD2|GLRX|TXN|LAMTOR5|SOD1|PRNP|PRDX6|PRDX1|STK25|SELENOS,0.00621605661715704,0.00532804852899175,Evaluated,REACTIVE OXYGEN SPECIES PATHWAY
CD8_NC,HALLMARK_SPERMATOGENESIS,0.824480369515012,0.832962138084633,0.0613026075396207,-0.24974008298921,-0.779219568215713,29,AGFG1|SIRT1|ZC3H14,0.832962138084633,0.876802250615403,Evaluated,SPERMATOGENESIS
CD8_NC,HALLMARK_TGF_BETA_SIGNALING,0.118764845605701,0.212080081438751,0.199915231309662,-0.417662127461421,-1.31596609446546,31,ID3|SPTBN1|SMAD3|TGFB1|NCOR2|NOG|PPM1A|TGFBR1|APC|HDAC1,0.212080081438751,0.201296348484238,Evaluated,TGF BETA SIGNALING
CD8_NC,HALLMARK_TNFA_SIGNALING_VIA_NFKB,7.89755070427057e-11,1.97438767606764e-09,0.839088935621274,0.663094433441403,2.32062612615513,84,FOS|IL1B|TNFAIP3|NFKBIA|SAT1|PPP1R15A|JUNB|SGK1|EGR1|DUSP1|FOSB|ZFP36|CCNL1|IER5|EIF1|ZBTB10|IER3|DUSP2|CCL4|JUN|GADD45B|CD69|PLEK|ID2|TNFAIP2|BCL2A1|NAMPT|KLF6|SOD2|PER1|BTG3|KLF10|IER2|IL23A|BIRC3,1.97438767606764e-09,1.97438767606764e-09,Evaluated,TNFA SIGNALING VIA NFKB
CD8_NC,HALLMARK_UNFOLDED_PROTEIN_RESPONSE,0.798927613941019,0.832216264521895,0.070113215764256,-0.225339163657733,-0.843508419733146,76,EEF2|DCTN1|EDEM1|CALR|SHC1|EIF4E|PREB|CEBPB|NFYB|XPOT,0.832216264521895,0.859061950474214,Evaluated,UNFOLDED PROTEIN RESPONSE
CD8_NC,HALLMARK_UV_RESPONSE_DN,0.0143860426433244,0.0395516541467098,0.380730400722792,-0.433532568473708,-1.51631956407459,51,DBP|NEK7|SMAD3|PTEN|FYN|PRKCA|SCAF8|CELF2|MYC|MAPK14|DYRK1A|PHF3|NR1D2|MTA1|RUNX1|TGFBR2|ATP2B4|PRDM2|SYNE1|ADD3|CITED2|NFKB1|RASA2|CDK13|DLG1|ABCC1|NIPBL|SPOP|SIPA1L1,0.0395516541467098,0.0388811963333092,Evaluated,UV RESPONSE DN
CD8_NC,HALLMARK_UV_RESPONSE_UP,0.00588928335496473,0.0210331548391597,0.407017918923954,0.437553775988591,1.52453838742761,80,FOS|NFKBIA|JUNB|FOSB|MRPL23|LYN|AP2S1|DNAJB1|SOD2|ENO2|BTG3|AMD1,0.0210331548391597,0.0210331548391597,Evaluated,UV RESPONSE UP
CD8_NC,HALLMARK_WNT_BETA_CATENIN_SIGNALING,0.00475125113171026,0.0197968797154594,0.407017918923954,-0.668511264709817,-1.77983209495236,16,AXIN1|NCOR2|MYC|NOTCH1|NUMB|CCND2|CTNNB1|NCSTN|MAML1|TCF7|CUL1,0.0197968797154594,0.0182740428142702,Evaluated,WNT BETA CATENIN SIGNALING
CD8_NC,HALLMARK_XENOBIOTIC_METABOLISM,0.0579470198675497,0.115894039735099,0.241339976815091,0.418297004149788,1.3724982556915,59,MT2A|TMEM176B|ID2|CDA|CD36|ACP1|GSTO1|COMT|DDT|SLC35B1|BLVRB|CYB5A|PEMT,0.115894039735099,0.113621607583431,Evaluated,XENOBIOTIC METABOLISM
